target,method,iteration,loss,objective,accepted,backtracks,certified,minimum_signed_area_ratio
manufactured,mu_lbs_fixed,0,0.10806712214677042,,True,0,True,0.7865044386582412
manufactured,mu_lbs_fixed,1,0.06248360265576895,,True,0,True,0.6305928673850251
manufactured,mu_lbs_fixed,2,0.03672110084497408,,True,0,True,0.5096410699594703
manufactured,mu_lbs_fixed,3,0.02490799065623538,,True,0,True,0.4376946686386535
manufactured,mu_lbs_fixed,4,0.021977031211359264,,True,0,True,0.41039642849344515
manufactured,mu_lbs_fixed,5,0.02464287789610587,,True,0,True,0.4069843829783002
manufactured,mu_lbs_fixed,6,0.028690455661233252,,True,0,True,0.4069364063709402
manufactured,mu_lbs_fixed,7,0.031122334252775406,,True,0,True,0.4025989781076195
manufactured,mu_lbs_fixed,8,0.030781315103291414,,True,0,True,0.42052206293319694
manufactured,mu_lbs_fixed,9,0.028359002288924656,,True,0,True,0.45137338851222825
manufactured,mu_lbs_fixed,10,0.02478263666265009,,True,0,True,0.48408726659450696
manufactured,mu_lbs_fixed,11,0.021058888659326973,,True,0,True,0.49206168724437166
manufactured,mu_lbs_fixed,12,0.01807993205672649,,True,0,True,0.4975068939046689
manufactured,mu_lbs_fixed,13,0.01625489623909584,,True,0,True,0.5206622515475365
manufactured,mu_lbs_fixed,14,0.015447167061553824,,True,0,True,0.556626802222707
manufactured,mu_lbs_fixed,15,0.015322722277106269,,True,0,True,0.5666638144822103
manufactured,mu_lbs_fixed,16,0.01554253317546455,,True,0,True,0.5777551606209934
manufactured,mu_lbs_fixed,17,0.01577714366138902,,True,0,True,0.5901657661596407
manufactured,mu_lbs_fixed,18,0.015762459171304234,,True,0,True,0.5865482765733671
manufactured,mu_lbs_fixed,19,0.015374187993919135,,True,0,True,0.5775048957387173
manufactured,mu_lbs_fixed,20,0.01470462753305556,,True,0,True,0.5703443579127313
manufactured,mu_lbs_fixed,21,0.013943575886974795,,True,0,True,0.5653157630262013
manufactured,mu_lbs_fixed,22,0.013214981989705027,,True,0,True,0.5611601623556732
manufactured,mu_lbs_fixed,23,0.012581953780276657,,True,0,True,0.5559536456845615
manufactured,mu_lbs_fixed,24,0.012079611022894574,,True,0,True,0.5484117582601339
manufactured,mu_lbs_fixed,25,0.011717537708017353,,True,0,True,0.5388227052984854
manufactured,mu_lbs_fixed,26,0.011506459864678686,,True,0,True,0.5293067678944643
manufactured,mu_lbs_fixed,27,0.011447228519656806,,True,0,True,0.5228415547711023
manufactured,mu_lbs_fixed,28,0.011477777474965815,,True,0,True,0.5216325880790693
manufactured,mu_lbs_fixed,29,0.011487238826522967,,True,0,True,0.525921154156412
manufactured,mu_lbs_fixed,30,0.01139807896082323,,True,0,True,0.5337715812889543
manufactured,mu_lbs_fixed,31,0.011203449893812582,,True,0,True,0.5419238877449022
manufactured,mu_lbs_fixed,32,0.0109443485271178,,True,0,True,0.5472536164266658
manufactured,mu_lbs_fixed,33,0.010683673123749585,,True,0,True,0.5476084146709469
manufactured,mu_lbs_fixed,34,0.010466825523373292,,True,0,True,0.5432262211149411
manufactured,mu_lbs_fixed,35,0.01029610509398387,,True,0,True,0.5357718019856214
manufactured,mu_lbs_fixed,36,0.010170873192468729,,True,0,True,0.5269835349738043
manufactured,mu_lbs_fixed,37,0.010112327239987907,,True,0,True,0.5184095002697041
manufactured,mu_lbs_fixed,38,0.010118840315221303,,True,0,True,0.5109535355615765
manufactured,mu_lbs_fixed,39,0.010145231009081069,,True,0,True,0.5062328650986444
manufactured,direct_none,0,0.10006712214677077,0.10006712214677077,True,0,True,0.040000195224426396
manufactured,direct_none,1,0.5844481118001259,0.5844481118001259,True,0,False,-0.2833353223018898
manufactured,direct_none,2,3.5276406808390655,3.5276406808390655,True,0,True,0.09795453864227732
manufactured,direct_none,3,0.426299098302608,0.426299098302608,True,0,False,-0.13610545592137424
manufactured,direct_none,4,3.3995404798266278,3.3995404798266278,True,0,False,-0.11045409092765636
manufactured,direct_none,5,3.4536211221023176,3.4536211221023176,True,0,True,0.08961706813250925
manufactured,direct_none,6,0.3675291456086,0.3675291456086,True,0,True,0.08847621951348428
manufactured,direct_none,7,0.37309784964052484,0.37309784964052484,True,0,False,-0.009814959123094462
manufactured,direct_none,8,3.56113557834865,3.56113557834865,True,0,False,-0.2595265346365107
manufactured,direct_none,9,3.5754323653705664,3.5754323653705664,True,0,True,0.12172026785257775
manufactured,direct_none,10,0.2520560286342136,0.2520560286342136,True,0,True,0.2726226797792449
manufactured,direct_none,11,0.16960797639758268,0.16960797639758268,True,0,True,0.2395732683762704
manufactured,direct_none,12,0.18611904969519685,0.18611904969519685,True,0,True,0.09044790471253343
manufactured,direct_none,13,0.20662102423349957,0.20662102423349957,True,0,True,0.17948389269877035
manufactured,direct_none,14,0.16864365489104294,0.16864365489104294,True,0,True,0.160879886187583
manufactured,direct_none,15,0.17833153569155755,0.17833153569155755,True,0,True,0.27825602827598744
manufactured,direct_none,16,0.15245488336781107,0.15245488336781107,True,0,True,0.2588316114449252
manufactured,direct_none,17,0.1397375280729151,0.1397375280729151,True,0,True,0.2364454574161756
manufactured,direct_none,18,0.13261116540976073,0.13261116540976073,True,0,True,0.15120084355299537
manufactured,direct_none,19,0.13647939652574506,0.13647939652574506,True,0,True,0.25543787491715597
manufactured,direct_none,20,0.12047257429653832,0.12047257429653832,True,0,True,0.17799344595550656
manufactured,direct_none,21,0.11348625481998777,0.11348625481998777,True,0,True,0.22145808474632733
manufactured,direct_none,22,0.09816439216788668,0.09816439216788668,True,0,True,0.3300647080730954
manufactured,direct_none,23,0.07614242228517973,0.07614242228517973,True,0,True,0.3403275736735763
manufactured,direct_none,24,0.06336430760094908,0.06336430760094908,True,0,True,0.3327781898178461
manufactured,direct_none,25,0.058378858549572483,0.058378858549572483,True,0,True,0.343365798915028
manufactured,direct_none,26,0.059644062070264015,0.059644062070264015,True,0,True,0.3682789343082795
manufactured,direct_none,27,0.06215596414080727,0.06215596414080727,True,0,True,0.39801696402082404
manufactured,direct_none,28,0.05920803762026164,0.05920803762026164,True,0,True,0.4231876750415234
manufactured,direct_none,29,0.04968692483934958,0.04968692483934958,True,0,True,0.46120705134697215
manufactured,direct_none,30,0.04444222904634147,0.04444222904634147,True,0,True,0.48144488346339004
manufactured,direct_none,31,0.042477340069020764,0.042477340069020764,True,0,True,0.4859913658003326
manufactured,direct_none,32,0.03924414880099547,0.03924414880099547,True,0,True,0.49624330207829404
manufactured,direct_none,33,0.03519328203434774,0.03519328203434774,True,0,True,0.4527320344329442
manufactured,direct_none,34,0.03076819309739446,0.03076819309739446,True,0,True,0.4836551256887294
manufactured,direct_none,35,0.025968822389336347,0.025968822389336347,True,0,True,0.49950256156042006
manufactured,direct_none,36,0.023401504346859347,0.023401504346859347,True,0,True,0.4791128926715373
manufactured,direct_none,37,0.022854546299986057,0.022854546299986057,True,0,True,0.4520112266017124
manufactured,direct_none,38,0.02195046924512825,0.02195046924512825,True,0,True,0.43617510293753914
manufactured,direct_none,39,0.02010150906069995,0.02010150906069995,True,0,True,0.4333122472087056
manufactured,direct_lim_style,0,0.10006712214677077,0.10006712214677077,True,0,True,0.040000195224426396
manufactured,direct_lim_style,1,0.5844481118001259,0.5882874383569994,True,1,True,0.24488851787091395
manufactured,direct_lim_style,2,0.14955564990368095,0.15181841655057626,True,0,True,0.06178500640532352
manufactured,direct_lim_style,3,0.3664830651179444,0.36930335151213584,True,0,True,0.19083197553724576
manufactured,direct_lim_style,4,0.24637090026609262,0.24884242825864852,True,1,True,0.13843862612527438
manufactured,direct_lim_style,5,0.20199959480166424,0.20432941895797158,True,0,True,0.17194750609383555
manufactured,direct_lim_style,6,0.2602183304373639,0.26301111444734976,True,0,True,0.17392253976966635
manufactured,direct_lim_style,7,0.3335484985352122,0.33683944968788215,True,0,True,0.21520542811053872
manufactured,direct_lim_style,8,0.28656405733488816,0.2898634949029348,True,0,True,0.3099209608673915
manufactured,direct_lim_style,9,0.21927057228710492,0.22245777255804935,True,0,True,0.14841821227479365
manufactured,direct_lim_style,10,0.2342137800857152,0.23754205708868043,True,0,True,0.17803194864242872
manufactured,direct_lim_style,11,0.2272576896128114,0.23051960212501973,True,0,True,0.22205126151239205
manufactured,direct_lim_style,12,0.1893152928954513,0.19244496800567878,True,0,True,0.23227898670048389
manufactured,direct_lim_style,13,0.16936452018438952,0.1725094168205185,True,0,True,0.21052396827975617
manufactured,direct_lim_style,14,0.1504436323458375,0.15360830342898088,True,0,True,0.26416352821529454
manufactured,direct_lim_style,15,0.11730244182267686,0.12045258099578635,True,0,True,0.385909629571519
manufactured,direct_lim_style,16,0.10297429919411384,0.10621560054701745,True,0,True,0.35230315953691793
manufactured,direct_lim_style,17,0.10400542705716581,0.10738347401508563,True,0,True,0.2845048313907696
manufactured,direct_lim_style,18,0.10817056777954391,0.11163290884466019,True,0,True,0.2519264931237455
manufactured,direct_lim_style,19,0.1138951879496965,0.11738254287838226,True,0,True,0.263803567842934
manufactured,direct_lim_style,20,0.1154686920811373,0.11890811420292799,True,0,True,0.29082654293412147
manufactured,direct_lim_style,21,0.10695027046461184,0.1102609283895021,True,0,True,0.32931456846509033
manufactured,direct_lim_style,22,0.09421698696849652,0.0973818445003744,True,0,True,0.35442967747190457
manufactured,direct_lim_style,23,0.08380786579165113,0.08686543906792214,True,0,True,0.20917097522825878
manufactured,direct_lim_style,24,0.0794835739804812,0.08248306477652861,True,0,True,0.18102749679488278
manufactured,direct_lim_style,25,0.07132831536828593,0.074280453086942,True,0,True,0.2867820750846337
manufactured,direct_lim_style,26,0.05217809546515053,0.05507695910218729,True,0,True,0.4468927467050694
manufactured,direct_lim_style,27,0.04309071753291467,0.04599240528664235,True,0,True,0.3782462429550637
manufactured,direct_lim_style,28,0.04349665188134134,0.04644471695440684,True,0,True,0.43828932358692996
manufactured,direct_lim_style,29,0.04316272851100036,0.046137152059862796,True,0,True,0.46669515720718874
manufactured,direct_lim_style,30,0.040692944866194285,0.04365785988594959,True,0,True,0.46370434518190873
manufactured,direct_lim_style,31,0.03803233310346337,0.04097834903337378,True,0,True,0.4807261858012559
manufactured,direct_lim_style,32,0.03717552836119362,0.040112973609967434,True,0,True,0.5103974344580161
manufactured,direct_lim_style,33,0.03457975775243967,0.03749526136287121,True,0,True,0.42401804078494076
manufactured,direct_lim_style,34,0.030887636997337244,0.03376867800060936,True,0,True,0.37011968919401184
manufactured,direct_lim_style,35,0.02866520521527389,0.0315172155362212,True,0,True,0.37221053057829995
manufactured,direct_lim_style,36,0.02535169400458155,0.02817463528414154,True,0,True,0.41881261816065707
manufactured,direct_lim_style,37,0.021638393213147998,0.024436256853098928,True,0,True,0.4820754094861196
manufactured,direct_lim_style,38,0.02014389205153121,0.0229246055791969,True,0,True,0.4987883801490904
manufactured,direct_lim_style,39,0.019432136191647853,0.022180334692937488,True,0,True,0.4807579394931578
manufactured,direct_slim_style,0,0.10006712214677077,0.12006712214677077,True,0,True,0.040000195224426396
manufactured,direct_slim_style,1,0.5844481118001259,0.6343604273157513,True,1,True,0.2450301472618069
manufactured,direct_slim_style,2,0.14918900499716242,0.17616394520211687,True,0,True,0.06672924527612319
manufactured,direct_slim_style,3,0.35671001225648524,0.43057828071988963,True,0,True,0.2025755953647449
manufactured,direct_slim_style,4,0.23649655439220393,0.2680451424243243,True,0,True,0.009821834391270762
manufactured,direct_slim_style,5,0.3901786500371925,0.7551875523549163,True,0,True,0.13538588562565404
manufactured,direct_slim_style,6,0.36110566816852857,0.3941298677562611,True,1,True,0.14284732881152584
manufactured,direct_slim_style,7,0.36620272516579055,0.40074153990874145,True,0,True,0.13492340799434754
manufactured,direct_slim_style,8,0.3405804738052862,0.3770094022917248,True,0,True,0.11493892987785538
manufactured,direct_slim_style,9,0.34019521172621453,0.3783836032549147,True,1,True,0.1176116494599073
manufactured,direct_slim_style,10,0.33547265739174714,0.3744610077134006,True,0,True,0.16978633727635825
manufactured,direct_slim_style,11,0.3202501223591922,0.3559579508813425,True,0,True,0.15709439005041362
manufactured,direct_slim_style,12,0.3340044235567416,0.37100480638895916,True,0,True,0.23491475055145403
manufactured,direct_slim_style,13,0.3014081432911852,0.3351001220050824,True,0,True,0.06338369528705837
manufactured,direct_slim_style,14,0.3311965924717186,0.3755327059875502,True,0,True,0.18938898289091302
manufactured,direct_slim_style,15,0.2664858914005983,0.2996618067142008,True,1,True,0.1212015251386734
manufactured,direct_slim_style,16,0.27858037049308815,0.31322993781065434,True,0,True,0.041042685243514856
manufactured,direct_slim_style,17,0.33941405227575705,0.3924524550310872,True,0,True,0.014573390963801466
manufactured,direct_slim_style,18,0.39482868233584933,0.5839411754690242,True,0,True,0.18106399560065545
manufactured,direct_slim_style,19,0.3252845198323612,0.3630715492124924,True,0,True,0.01968317402843419
manufactured,direct_slim_style,20,0.5015002574622762,0.6370973748825833,True,1,True,0.052043559551841305
manufactured,direct_slim_style,21,0.5034935690204634,0.5669110142738201,True,3,True,0.023928756717956946
manufactured,direct_slim_style,22,0.5778203208816318,0.7135257216489532,True,0,True,0.0423756328670258
manufactured,direct_slim_style,23,0.5171457192502004,0.5766315951970372,True,0,True,0.032763897597126175
manufactured,direct_slim_style,24,0.47812297573295237,0.5352060800155558,True,0,True,0.0649776753454777
manufactured,direct_slim_style,25,0.4801420546717374,0.5293586344631084,True,0,True,0.021348234543300895
manufactured,direct_slim_style,26,0.5467298432011337,0.6012005600516307,True,0,True,0.003586621966637752
manufactured,direct_slim_style,27,0.7556819543268708,0.8427484684528241,True,1,True,0.005356035877451578
manufactured,direct_slim_style,28,0.7399512445817229,0.8190702163789833,True,1,True,0.012704477937256166
manufactured,direct_slim_style,29,0.7101140080014108,0.8157636916895435,True,1,True,0.010017649983111995
manufactured,direct_slim_style,30,0.6576869434661897,0.7387882804666764,True,0,True,0.01093927530446991
manufactured,direct_slim_style,31,0.5466090249373073,0.6063482562712089,True,0,True,0.020305487283491023
manufactured,direct_slim_style,32,0.46779394030830007,0.5239785249592545,True,0,True,0.039043578104974816
manufactured,direct_slim_style,33,0.4313087169533661,0.4917830923747828,True,1,True,0.05225360365520173
manufactured,direct_slim_style,34,0.3801815599157658,0.4355082500074953,True,1,True,0.06832697234117524
manufactured,direct_slim_style,35,0.3832580778973048,0.44125015737637086,True,1,True,0.08693202155393924
manufactured,direct_slim_style,36,0.348581387754721,0.40061773323537947,True,1,True,0.07888365734829302
manufactured,direct_slim_style,37,0.3803624616869072,0.44327044727123244,True,1,True,0.0878086813786265
manufactured,direct_slim_style,38,0.33687683999543905,0.3939651962898741,True,1,True,0.07606123804408858
manufactured,direct_slim_style,39,0.3261328078507366,0.3854959144098809,True,1,True,0.03448209867127703
manufactured,direct_amips_style,0,0.10006712214677077,0.10506712214677077,True,0,True,0.040000195224426396
manufactured,direct_amips_style,1,0.584448111800126,0.5918518219499282,True,1,True,0.24488620818749526
manufactured,direct_amips_style,2,0.1495804697929295,0.15555453681402165,True,0,True,0.058360462963082275
manufactured,direct_amips_style,3,0.3731432745131292,0.3812338378867996,True,0,True,0.18673495415262092
manufactured,direct_amips_style,4,0.24809261622260023,0.25465575496106396,True,1,True,0.14034966030045498
manufactured,direct_amips_style,5,0.20166767369457528,0.20792783501192857,True,0,True,0.1671178639099757
manufactured,direct_amips_style,6,0.26328483090837634,0.26966550780200677,True,0,True,0.17021491618346005
manufactured,direct_amips_style,7,0.33557397531178607,0.3422224047445987,True,0,True,0.2117880535057185
manufactured,direct_amips_style,8,0.28904837367082603,0.2958044006567061,True,0,True,0.3022027044131683
manufactured,direct_amips_style,9,0.22019464591266602,0.22697054817484938,True,0,True,0.14514222399648968
manufactured,direct_amips_style,10,0.23393538209310377,0.24117840284379538,True,0,True,0.17203794438857017
manufactured,direct_amips_style,11,0.2302453998447339,0.23688611178301455,True,0,True,0.22399967848521365
manufactured,direct_amips_style,12,0.19124630380370836,0.19778872583339172,True,0,True,0.22859535732966244
manufactured,direct_amips_style,13,0.17082041023144634,0.1773774725624631,True,0,True,0.20528363290356283
manufactured,direct_amips_style,14,0.15398691098610157,0.16056199159576703,True,0,True,0.2500068588360354
manufactured,direct_amips_style,15,0.12144281199918643,0.12801574058342466,True,0,True,0.36231565150178635
manufactured,direct_amips_style,16,0.10683248070227513,0.1134548259095652,True,0,True,0.3532522982157402
manufactured,direct_amips_style,17,0.10801729856353191,0.11468487295675739,True,0,True,0.2775179567936538
manufactured,direct_amips_style,18,0.11188770243376689,0.11858276260336094,True,0,True,0.25070745200826183
manufactured,direct_amips_style,19,0.11683544486558008,0.12355920606668692,True,0,True,0.2581313787176349
manufactured,direct_amips_style,20,0.11843705172332776,0.12517076410175693,True,0,True,0.2870769713838682
manufactured,direct_amips_style,21,0.11000548197995301,0.11670307493448555,True,0,True,0.3310488482014193
manufactured,direct_amips_style,22,0.09719984701397127,0.10383810076785595,True,0,True,0.3549366560017887
manufactured,direct_amips_style,23,0.08703093503981414,0.09362893643666566,True,0,True,0.20857273077259275
manufactured,direct_amips_style,24,0.08308383435950273,0.08968559842720092,True,0,True,0.18035089116726577
manufactured,direct_amips_style,25,0.07509470180638607,0.08170523338638798,True,0,True,0.2860988699603706
manufactured,direct_amips_style,26,0.05556750014119276,0.06214373421719089,True,0,True,0.44459920259740954
manufactured,direct_amips_style,27,0.045671293837209304,0.05224542170240001,True,0,True,0.3849901171584278
manufactured,direct_amips_style,28,0.045751278474573984,0.0523689307598304,True,0,True,0.42111847245861367
manufactured,direct_amips_style,29,0.04564295891747431,0.05229097969373781,True,0,True,0.46388159803295925
manufactured,direct_amips_style,30,0.04281989017226907,0.04946427710020278,True,0,True,0.46108173584604034
manufactured,direct_amips_style,31,0.039726283200559445,0.04634687861590018,True,0,True,0.47763681619314613
manufactured,direct_amips_style,32,0.03869971858266275,0.04530431116056884,True,0,True,0.48991260630500194
manufactured,direct_amips_style,33,0.036556238924596085,0.043142385342589316,True,0,True,0.3987133147662609
manufactured,direct_amips_style,34,0.03303166878849657,0.03959712306931004,True,0,True,0.3533391729043569
manufactured,direct_amips_style,35,0.03076492802824127,0.03732369456149823,True,0,True,0.3660175077010302
manufactured,direct_amips_style,36,0.027354379386352826,0.033905640234881525,True,0,True,0.42013236298894047
manufactured,direct_amips_style,37,0.02350341667860826,0.030045149618008353,True,0,True,0.48555191869543807
manufactured,direct_amips_style,38,0.021928079587313628,0.02846854975019184,True,0,True,0.4893794887733254
manufactured,direct_amips_style,39,0.02117323154835187,0.02771025494878238,True,0,True,0.4780099106902664
checkerboard,mu_lbs_fixed,0,2.5545808223322357,,True,0,True,0.7674181959256893
checkerboard,mu_lbs_fixed,1,2.2840577383261604,,True,0,True,0.5624481402233248
checkerboard,mu_lbs_fixed,2,2.0203332202194884,,True,0,True,0.38407166740652643
checkerboard,mu_lbs_fixed,3,1.7685417142107012,,True,0,True,0.2422630334410528
checkerboard,mu_lbs_fixed,4,1.535620358353365,,True,0,True,0.14160286542004977
checkerboard,mu_lbs_fixed,5,1.3298160159389523,,True,0,True,0.08288635972668269
checkerboard,mu_lbs_fixed,6,1.1584191276254407,,True,0,True,0.054165850273207486
checkerboard,mu_lbs_fixed,7,1.0253015507825447,,True,0,True,0.04270348754943226
checkerboard,mu_lbs_fixed,8,0.9263498740168952,,True,0,True,0.03225758034747023
checkerboard,mu_lbs_fixed,9,0.8465407030595827,,True,0,True,0.03059789543566566
checkerboard,mu_lbs_fixed,10,0.7721640293230507,,True,0,True,0.0356587506329688
checkerboard,mu_lbs_fixed,11,0.7062509451161958,,True,0,True,0.0468313477309439
checkerboard,mu_lbs_fixed,12,0.6637621891848607,,True,0,True,0.046050664731789426
checkerboard,mu_lbs_fixed,13,0.6129857450658245,,True,0,True,0.04655541814240029
checkerboard,mu_lbs_fixed,14,0.5608456984494641,,True,0,True,0.05042936606805815
checkerboard,mu_lbs_fixed,15,0.5264076455885909,,True,0,True,0.05685125304711998
checkerboard,mu_lbs_fixed,16,0.5089751026082264,,True,0,True,0.0643018061599653
checkerboard,mu_lbs_fixed,17,0.4960376009177769,,True,0,True,0.07143203157626732
checkerboard,mu_lbs_fixed,18,0.48318761063663757,,True,0,True,0.0624034300838716
checkerboard,mu_lbs_fixed,19,0.46825897161204705,,True,0,True,0.05124893149675217
checkerboard,mu_lbs_fixed,20,0.45492203615519106,,True,0,True,0.044200921187519636
checkerboard,mu_lbs_fixed,21,0.44508302195679456,,True,0,True,0.04221670926663939
checkerboard,mu_lbs_fixed,22,0.43583266667402626,,True,0,True,0.04473093438761129
checkerboard,mu_lbs_fixed,23,0.4245815802545682,,True,0,True,0.05035016892262789
checkerboard,mu_lbs_fixed,24,0.4114341903797278,,True,0,True,0.04990017299205568
checkerboard,mu_lbs_fixed,25,0.3973160618493623,,True,0,True,0.04902150971598018
checkerboard,mu_lbs_fixed,26,0.38338821477207397,,True,0,True,0.04873389739304399
checkerboard,mu_lbs_fixed,27,0.37046861349185756,,True,0,True,0.04904001139964864
checkerboard,mu_lbs_fixed,28,0.3581564004174171,,True,0,True,0.04990799608594767
checkerboard,mu_lbs_fixed,29,0.34542384420535627,,True,0,True,0.0512903763742158
checkerboard,mu_lbs_fixed,30,0.33217272936738174,,True,0,True,0.05311605813568998
checkerboard,mu_lbs_fixed,31,0.31958202546010583,,True,0,True,0.0552727384228539
checkerboard,mu_lbs_fixed,32,0.30868886513545335,,True,0,True,0.05760585399266504
checkerboard,mu_lbs_fixed,33,0.29923500323849367,,True,0,True,0.055374293034052606
checkerboard,mu_lbs_fixed,34,0.2900504069115213,,True,0,True,0.05373058730620529
checkerboard,mu_lbs_fixed,35,0.280770071238993,,True,0,True,0.054371417549762616
checkerboard,mu_lbs_fixed,36,0.2720083600619254,,True,0,True,0.0568102690703412
checkerboard,mu_lbs_fixed,37,0.26422894225631866,,True,0,True,0.06021146411686383
checkerboard,mu_lbs_fixed,38,0.25740922621614043,,True,0,True,0.06364663779342046
checkerboard,mu_lbs_fixed,39,0.2511721399112073,,True,0,True,0.06601426680337662
checkerboard,direct_none,0,2.5465808223322353,2.5465808223322353,True,0,False,-0.5999999557142889
checkerboard,direct_none,1,24.496764157113695,24.496764157113695,True,0,False,-0.7069137345401556
checkerboard,direct_none,2,66.3353676247027,66.3353676247027,True,0,False,-0.9680814281260165
checkerboard,direct_none,3,39.38715404237888,39.38715404237888,True,0,False,-0.27940939465054887
checkerboard,direct_none,4,34.59894453214917,34.59894453214917,True,0,False,-0.40858656730893894
checkerboard,direct_none,5,27.903078447251083,27.903078447251083,True,0,False,-0.1498873630368478
checkerboard,direct_none,6,10.48134338205163,10.48134338205163,True,0,False,-0.014775337573946999
checkerboard,direct_none,7,8.438617842935617,8.438617842935617,True,0,False,-0.11089596973724908
checkerboard,direct_none,8,12.847686890218666,12.847686890218666,True,0,False,-0.2160624242623372
checkerboard,direct_none,9,14.461703436900361,14.461703436900361,True,0,False,-0.3066380549124795
checkerboard,direct_none,10,14.450930733394447,14.450930733394447,True,0,False,-0.5529770504283245
checkerboard,direct_none,11,19.00876417319505,19.00876417319505,True,0,False,-0.3243451123136317
checkerboard,direct_none,12,24.6794636034042,24.6794636034042,True,0,False,-0.7044702669266628
checkerboard,direct_none,13,27.788067524645697,27.788067524645697,True,0,False,-1.0010828755829302
checkerboard,direct_none,14,25.975115176092704,25.975115176092704,True,0,False,-1.075924176636295
checkerboard,direct_none,15,28.788266125287926,28.788266125287926,True,0,False,-1.074804744693968
checkerboard,direct_none,16,36.374954148374734,36.374954148374734,True,0,False,-1.020546914830473
checkerboard,direct_none,17,48.81357604126199,48.81357604126199,True,0,False,-0.8904442544028274
checkerboard,direct_none,18,50.854104660475265,50.854104660475265,True,0,False,-0.7720786976368531
checkerboard,direct_none,19,41.2396723223393,41.2396723223393,True,0,False,-1.5531240192213072
checkerboard,direct_none,20,50.25728859025326,50.25728859025326,True,0,False,-0.89155323910875
checkerboard,direct_none,21,45.946526681787745,45.946526681787745,True,0,False,-1.0527214143471684
checkerboard,direct_none,22,47.69718259137228,47.69718259137228,True,0,False,-0.8757542059572748
checkerboard,direct_none,23,48.32630407756881,48.32630407756881,True,0,False,-0.7316421765402592
checkerboard,direct_none,24,48.41970118882184,48.41970118882184,True,0,False,-0.9933550027564071
checkerboard,direct_none,25,47.82087379606523,47.82087379606523,True,0,False,-1.0811682546984398
checkerboard,direct_none,26,52.031181232049406,52.031181232049406,True,0,False,-0.8743664630482714
checkerboard,direct_none,27,60.596212660447264,60.596212660447264,True,0,False,-0.7055257445240614
checkerboard,direct_none,28,58.828444877166056,58.828444877166056,True,0,False,-0.681397787598605
checkerboard,direct_none,29,55.11396113841126,55.11396113841126,True,0,False,-0.7432321257129588
checkerboard,direct_none,30,56.094736837416534,56.094736837416534,True,0,False,-1.0996340301142402
checkerboard,direct_none,31,63.43652137661381,63.43652137661381,True,0,False,-1.2793303495798127
checkerboard,direct_none,32,68.57102038284451,68.57102038284451,True,0,False,-1.4512730983282587
checkerboard,direct_none,33,58.53464445551296,58.53464445551296,True,0,False,-1.675224424892576
checkerboard,direct_none,34,55.59395329030485,55.59395329030485,True,0,False,-1.6517397851273659
checkerboard,direct_none,35,57.28398238464392,57.28398238464392,True,0,False,-1.368030811651663
checkerboard,direct_none,36,64.26870916488481,64.26870916488481,True,0,False,-1.1808727855905639
checkerboard,direct_none,37,67.20436532631513,67.20436532631513,True,0,False,-1.2286365163567188
checkerboard,direct_none,38,78.5773704591029,78.5773704591029,True,0,False,-1.3098938392112058
checkerboard,direct_none,39,76.9386989568658,76.9386989568658,True,0,False,-1.3350686575704347
checkerboard,direct_lim_style,0,2.5465808223322353,2.5465808223322353,True,1,True,0.200000023571427
checkerboard,direct_lim_style,1,1.614133249059882,1.6158040056716794,True,3,True,0.0012790208939887449
checkerboard,direct_lim_style,2,2.176852572038562,2.1804318609054016,True,2,True,0.13804450428292508
checkerboard,direct_lim_style,3,1.1707135402472775,1.1746023132703785,True,3,True,0.06161542018408577
checkerboard,direct_lim_style,4,1.085277647455123,1.0900817977475143,True,3,True,0.05936101309229594
checkerboard,direct_lim_style,5,1.0283925908043594,1.0342126588570981,True,3,True,0.007307452409384004
checkerboard,direct_lim_style,6,1.1983623802718366,1.2053297952222173,True,2,True,0.011205568389453757
checkerboard,direct_lim_style,7,1.0965676162157805,1.1042968428516837,True,2,True,0.026809471768015753
checkerboard,direct_lim_style,8,0.9501030259905788,0.9578916771531799,True,2,True,0.04873968148112031
checkerboard,direct_lim_style,9,0.95631086480983,0.9644114076550577,True,2,True,0.04358765881481494
checkerboard,direct_lim_style,10,0.9806752457758392,0.9890827927767096,True,2,True,0.03912955125210522
checkerboard,direct_lim_style,11,0.9925236072379013,1.0010162149615307,True,3,True,0.01389116491621604
checkerboard,direct_lim_style,12,1.0303438333220407,1.0388830739426451,True,2,True,0.03344880303369186
checkerboard,direct_lim_style,13,1.01561910327315,1.024229474661614,True,2,True,0.06798103461850294
checkerboard,direct_lim_style,14,1.0169994942816936,1.0258050720598866,True,2,True,0.029160860241987996
checkerboard,direct_lim_style,15,1.055340125421879,1.064529000052211,True,2,True,0.04235345736993835
checkerboard,direct_lim_style,16,1.0615442846344607,1.0709817239698565,True,2,True,0.03045649763146169
checkerboard,direct_lim_style,17,1.0947687431744877,1.104430686021186,True,1,True,0.021856562213208496
checkerboard,direct_lim_style,18,1.175046626190741,1.1848657636938211,True,0,True,0.012527960386653957
checkerboard,direct_lim_style,19,1.3344541389406939,1.343490464897805,True,1,True,0.044449782563485016
checkerboard,direct_lim_style,20,1.446646044251147,1.4557521272637624,True,2,True,0.03457968910281646
checkerboard,direct_lim_style,21,1.5005458262214793,1.5097731090999054,True,2,True,0.045432221844716944
checkerboard,direct_lim_style,22,1.5177141257930915,1.5269262860079862,True,1,True,0.021649414145136193
checkerboard,direct_lim_style,23,1.5588747538672556,1.5680906960347663,True,1,True,0.048281684144922586
checkerboard,direct_lim_style,24,1.583427807197749,1.5927359193138635,True,1,True,0.029544828340218737
checkerboard,direct_lim_style,25,1.637367501774254,1.6468453080550751,True,1,True,0.06299633826919863
checkerboard,direct_lim_style,26,1.6178564494874836,1.6272524364744312,True,0,True,0.0985229383752608
checkerboard,direct_lim_style,27,1.651738563684187,1.661114482189399,True,1,True,0.09449393280685628
checkerboard,direct_lim_style,28,1.6307172469227473,1.6402217780474444,True,2,True,0.06422068641296387
checkerboard,direct_lim_style,29,1.618618439046478,1.628250424039672,True,1,True,0.0426932521935174
checkerboard,direct_lim_style,30,1.5916515509661655,1.601491724746647,True,1,True,0.02290679515718592
checkerboard,direct_lim_style,31,1.566797110084054,1.5767038641521791,True,2,True,0.050782018747350666
checkerboard,direct_lim_style,32,1.5407679721385452,1.5507426331239582,True,1,True,0.05353233563772058
checkerboard,direct_lim_style,33,1.5087192152648388,1.5187014604275784,True,2,True,0.035972133634985956
checkerboard,direct_lim_style,34,1.510889004647093,1.5207963437365748,True,1,True,0.05953772525032202
checkerboard,direct_lim_style,35,1.5080685193407464,1.517656471736383,True,1,True,0.03310017804516482
checkerboard,direct_lim_style,36,1.50203926640944,1.5114147772228288,True,1,True,0.08200896095432235
checkerboard,direct_lim_style,37,1.458240289015676,1.4673861626620017,True,2,True,0.054886650641368315
checkerboard,direct_lim_style,38,1.443605422372526,1.4527666706082738,True,1,True,0.007545020656213028
checkerboard,direct_lim_style,39,1.4820339788984558,1.4914847293120927,True,3,True,0.04718468013966105
checkerboard,direct_slim_style,0,2.5465808223322353,2.5665808223322353,True,1,True,0.200000023571427
checkerboard,direct_slim_style,1,1.6141332490601092,1.643753310487891,True,4,True,0.09992669265814051
checkerboard,direct_slim_style,2,1.5032139121479877,1.5514252327664317,True,3,True,0.002939029580020112
checkerboard,direct_slim_style,3,1.4593019024425395,7.502259335493607,True,2,True,0.08480309751604154
checkerboard,direct_slim_style,4,1.0835124720102554,1.1455843913112411,True,2,True,0.029841610927327362
checkerboard,direct_slim_style,5,1.0110951157211332,1.2905629839014956,True,2,True,0.020087255756752388
checkerboard,direct_slim_style,6,0.9541157047826383,1.3819064980209101,True,1,True,0.03101321216663892
checkerboard,direct_slim_style,7,0.8225257193161353,0.9341975544535966,True,2,True,0.048556949335300005
checkerboard,direct_slim_style,8,0.7979480752799248,0.9184181980949093,True,2,True,0.0589920417160061
checkerboard,direct_slim_style,9,0.8198100944876805,0.9447796129146877,True,3,True,0.04922790701891342
checkerboard,direct_slim_style,10,0.8314782223294159,0.9473483250507386,True,1,True,0.08131502699942787
checkerboard,direct_slim_style,11,0.8666179523187043,0.9880172694710252,True,1,True,0.06960765143069002
checkerboard,direct_slim_style,12,0.914214872497901,1.0812142419663768,True,2,True,0.07657425510857764
checkerboard,direct_slim_style,13,0.9135935872686212,1.0578277369224156,True,1,True,0.03810361651840758
checkerboard,direct_slim_style,14,0.999035497539178,1.1939113991532884,True,0,True,0.10138581683893765
checkerboard,direct_slim_style,15,1.228712959596462,1.3130737905062209,True,0,True,0.02716126742291427
checkerboard,direct_slim_style,16,1.4801869905357778,1.8774699625053517,True,1,True,0.06151665835055294
checkerboard,direct_slim_style,17,1.541963330884447,1.65734234490146,True,1,True,0.036484922045403115
checkerboard,direct_slim_style,18,1.6228321440831934,1.817784348419467,True,0,True,0.0138913233386171
checkerboard,direct_slim_style,19,1.9296697118498158,2.065193441079876,True,0,True,0.034231963991782466
checkerboard,direct_slim_style,20,2.0677712757845517,2.211901770133075,True,1,True,0.01635005186619817
checkerboard,direct_slim_style,21,2.1667731035546325,2.5270184142031598,True,1,True,0.037161042115734434
checkerboard,direct_slim_style,22,2.1976971368079448,2.352243324529398,True,2,True,0.0035435671596756196
checkerboard,direct_slim_style,23,2.381186811860466,6.482121122246101,True,3,True,0.020714608975486274
checkerboard,direct_slim_style,24,2.2119759627167066,2.402770720940501,True,4,True,0.00797184477180039
checkerboard,direct_slim_style,25,2.284484418327921,3.137473505449651,True,4,True,0.004333495013571757
checkerboard,direct_slim_style,26,2.342341175722631,5.316599027441885,True,4,True,0.009432318542216492
checkerboard,direct_slim_style,27,2.233722571057101,2.9361307763508098,True,5,True,0.004529073330169496
checkerboard,direct_slim_style,28,2.2559890055966263,4.7558393067176725,True,3,True,0.01795489443571621
checkerboard,direct_slim_style,29,2.0875534539621485,2.2707866451488035,True,4,True,0.005189055873157972
checkerboard,direct_slim_style,30,2.104286164570431,2.7471021774123225,True,5,True,0.0015073216099910761
checkerboard,direct_slim_style,31,2.1504837005737993,7.862011363401329,True,0,True,0.011769678992229365
checkerboard,direct_slim_style,32,1.8899041606964528,2.3572189548101905,True,1,True,0.001189099923428288
checkerboard,direct_slim_style,33,1.9624813898970657,11.370981688727687,True,2,True,0.03261671032088453
checkerboard,direct_slim_style,34,1.7228935470765812,1.949714792677316,True,1,True,0.03518568414092469
checkerboard,direct_slim_style,35,1.6724723513085547,1.7753090079314235,True,2,True,0.08614277074371167
checkerboard,direct_slim_style,36,1.6461119039255443,1.7285998644963378,True,3,True,0.07079599319012396
checkerboard,direct_slim_style,37,1.6361953942449388,1.738563423843476,True,2,True,0.06641598256265648
checkerboard,direct_slim_style,38,1.6050724763126354,1.7009520023480145,True,2,True,0.05780566088532993
checkerboard,direct_slim_style,39,1.5757870212952363,1.6924133044829723,True,1,True,0.06016569293871767
checkerboard,direct_amips_style,0,2.5465808223322353,2.551580822332235,True,1,True,0.200000023571427
checkerboard,direct_amips_style,1,1.6141332490594238,1.6200528458709105,True,3,True,0.0012263344329584418
checkerboard,direct_amips_style,2,2.189313439088845,2.268134374148513,True,2,True,0.1402081418172138
checkerboard,direct_amips_style,3,1.1708760816938828,1.1782599851751763,True,3,True,0.06336169527553956
checkerboard,direct_amips_style,4,1.0847650670883868,1.0933383163005095,True,3,True,0.05946111328600787
checkerboard,direct_amips_style,5,1.0285320972041945,1.0388827418948816,True,3,True,0.008163061026978178
checkerboard,direct_amips_style,6,1.1837172899603994,1.2047864359177998,True,2,True,0.010666038433973792
checkerboard,direct_amips_style,7,1.1012325829671068,1.1202452227704365,True,2,True,0.0272309957454986
checkerboard,direct_amips_style,8,0.950598016088781,0.9625259271298156,True,2,True,0.0488440765503783
checkerboard,direct_amips_style,9,0.9578243752876758,0.9703489436811286,True,2,True,0.043982981298013445
checkerboard,direct_amips_style,10,0.980171518233078,0.9949515615913965,True,2,True,0.039595688339687976
checkerboard,direct_amips_style,11,0.9941310964690732,1.0083423536877931,True,3,True,0.015091869431690956
checkerboard,direct_amips_style,12,1.0290726337107863,1.0436745124662317,True,2,True,0.03467341108686533
checkerboard,direct_amips_style,13,1.0180403216279565,1.0321045768061916,True,2,True,0.06982515646012127
checkerboard,direct_amips_style,14,1.0209300898759721,1.0343914031285693,True,2,True,0.0299109951820336
checkerboard,direct_amips_style,15,1.059356503548814,1.0747036632383857,True,2,True,0.041981459099763065
checkerboard,direct_amips_style,16,1.0653493047529963,1.0806497407750197,True,2,True,0.02392125475535234
checkerboard,direct_amips_style,17,1.1058369651779127,1.1241579628143918,True,1,True,0.03257052898765162
checkerboard,direct_amips_style,18,1.1554211491850401,1.1752607814281777,True,0,True,0.012022646015591767
checkerboard,direct_amips_style,19,1.314854726011136,1.3376349179110218,True,1,True,0.0467176556223672
checkerboard,direct_amips_style,20,1.4063595037637509,1.42134707440717,True,2,True,0.04197066306837836
checkerboard,direct_amips_style,21,1.4568736971177598,1.4732673269591134,True,1,True,0.010261138178317126
checkerboard,direct_amips_style,22,1.5598747762376792,1.5825740979903669,True,1,True,0.010196478416630017
checkerboard,direct_amips_style,23,1.603682291364735,1.620777860292895,True,1,True,0.039250482680686476
checkerboard,direct_amips_style,24,1.5700691318533826,1.5849517082029736,True,2,True,0.025132596420438018
checkerboard,direct_amips_style,25,1.5912746838497898,1.608734259636378,True,1,True,0.03894339910657514
checkerboard,direct_amips_style,26,1.598940364575526,1.616256417781724,True,0,True,0.007207563091005218
checkerboard,direct_amips_style,27,1.8173672170290096,1.8400949902289505,True,0,True,0.04938060706496263
checkerboard,direct_amips_style,28,1.93262321780805,1.9442766646524652,True,0,True,0.01448844140870479
checkerboard,direct_amips_style,29,2.1173701007646413,2.136291158706475,True,1,True,0.03426476623231282
checkerboard,direct_amips_style,30,2.0431421910820946,2.054088318383122,True,2,True,0.03312900233465331
checkerboard,direct_amips_style,31,2.0447758296796787,2.0561409974484963,True,2,True,0.04547928633800078
checkerboard,direct_amips_style,32,2.0149018340549905,2.0259795569817682,True,1,True,0.055356868694797286
checkerboard,direct_amips_style,33,1.979911603547524,1.9910871029326291,True,1,True,0.05174798892780743
checkerboard,direct_amips_style,34,1.9585480131762976,1.9702827437887513,True,2,True,0.015841969502756206
checkerboard,direct_amips_style,35,1.9828411179367702,1.9982190929163035,True,0,True,0.007250861968607339
checkerboard,direct_amips_style,36,2.046711390644162,2.070468578721213,True,1,True,0.04446713118231929
checkerboard,direct_amips_style,37,2.0247780682232768,2.035375285698821,True,2,True,0.040006714366493765
checkerboard,direct_amips_style,38,2.0477166901430386,2.059293679995095,True,1,True,0.0355244901286024
checkerboard,direct_amips_style,39,2.0822289535696794,2.095245124151618,True,1,True,0.019155312495103625
spike,mu_lbs_fixed,0,0.2238809897056846,,True,0,True,0.7141850867054075
spike,mu_lbs_fixed,1,0.15504247639760027,,True,0,True,0.6840406993939893
spike,mu_lbs_fixed,2,0.11206999174450258,,True,0,True,0.612657518949064
spike,mu_lbs_fixed,3,0.08402267689286474,,True,0,True,0.5467017325003807
spike,mu_lbs_fixed,4,0.06475316359964751,,True,0,True,0.5164208284543129
spike,mu_lbs_fixed,5,0.05079995857861497,,True,0,True,0.5131619587127351
spike,mu_lbs_fixed,6,0.04058752799611831,,True,0,True,0.5295537376292269
spike,mu_lbs_fixed,7,0.033887579858465494,,True,0,True,0.560444516547342
spike,mu_lbs_fixed,8,0.030262297427278206,,True,0,True,0.49945298286603446
spike,mu_lbs_fixed,9,0.028578208346705436,,True,0,True,0.4548510406203691
spike,mu_lbs_fixed,10,0.027959254928061967,,True,0,True,0.4374139263552519
spike,mu_lbs_fixed,11,0.027771931619223027,,True,0,True,0.44493015971456784
spike,mu_lbs_fixed,12,0.02773678704713973,,True,0,True,0.471266536411809
spike,mu_lbs_fixed,13,0.02788930503884688,,True,0,True,0.4833195625339225
spike,mu_lbs_fixed,14,0.028194272718910375,,True,0,True,0.43486858732073125
spike,mu_lbs_fixed,15,0.028284160368829112,,True,0,True,0.42144388558747686
spike,mu_lbs_fixed,16,0.027692399587489338,,True,0,True,0.4443722730880025
spike,mu_lbs_fixed,17,0.026367374127752783,,True,0,True,0.4912698636531909
spike,mu_lbs_fixed,18,0.02471002035166755,,True,0,True,0.5472626997790799
spike,mu_lbs_fixed,19,0.02306639874468308,,True,0,True,0.6012136335348466
spike,mu_lbs_fixed,20,0.021704346628187925,,True,0,True,0.6173595721890208
spike,mu_lbs_fixed,21,0.020751090991541495,,True,0,True,0.6304631792410772
spike,mu_lbs_fixed,22,0.02010544482167733,,True,0,True,0.6317670022393153
spike,mu_lbs_fixed,23,0.019630736172620605,,True,0,True,0.6257901354270283
spike,mu_lbs_fixed,24,0.019245574298692034,,True,0,True,0.6191395507283086
spike,mu_lbs_fixed,25,0.018894518243673282,,True,0,True,0.6161249514745317
spike,mu_lbs_fixed,26,0.018551761883473888,,True,0,True,0.6161894886243025
spike,mu_lbs_fixed,27,0.01823078285192977,,True,0,True,0.61932264966346
spike,mu_lbs_fixed,28,0.0179439188449991,,True,0,True,0.6261115730521102
spike,mu_lbs_fixed,29,0.0176895795557734,,True,0,True,0.6371042152889079
spike,mu_lbs_fixed,30,0.017453709995243944,,True,0,True,0.6520810487912856
spike,mu_lbs_fixed,31,0.017217229440678317,,True,0,True,0.6535296873823175
spike,mu_lbs_fixed,32,0.016977929843863235,,True,0,True,0.6580967027161608
spike,mu_lbs_fixed,33,0.01676638463158304,,True,0,True,0.6670749633598654
spike,mu_lbs_fixed,34,0.01660639423988399,,True,0,True,0.6651792571332686
spike,mu_lbs_fixed,35,0.016493960392599198,,True,0,True,0.6577647517881545
spike,mu_lbs_fixed,36,0.016403449134299065,,True,0,True,0.656537360296501
spike,mu_lbs_fixed,37,0.01630077660456941,,True,0,True,0.6622657546444677
spike,mu_lbs_fixed,38,0.01616563834334008,,True,0,True,0.6600198420427469
spike,mu_lbs_fixed,39,0.016007492718316415,,True,0,True,0.654294651441657
spike,direct_none,0,0.2158809897056841,0.2158809897056841,True,0,True,0.3181009222877932
spike,direct_none,1,0.18067975854570173,0.18067975854570173,True,0,False,-0.3915363067765517
spike,direct_none,2,5.467788235399108,5.467788235399108,True,0,False,-0.2594562077192764
spike,direct_none,3,7.193349959968414,7.193349959968414,True,0,False,-0.3120907546530022
spike,direct_none,4,5.330434373907574,5.330434373907574,True,0,True,0.017970553995326845
spike,direct_none,5,0.5643562148738357,0.5643562148738357,True,0,False,-0.124308970100693
spike,direct_none,6,5.497737035781566,5.497737035781566,True,0,False,-0.2244744080749779
spike,direct_none,7,5.544233878042477,5.544233878042477,True,0,False,-0.4598404943273513
spike,direct_none,8,7.09860740642474,7.09860740642474,True,0,False,-0.44968696176232303
spike,direct_none,9,5.381200373110449,5.381200373110449,True,0,False,-0.16443795557276525
spike,direct_none,10,3.7425441372525343,3.7425441372525343,True,0,False,-0.2244763254027324
spike,direct_none,11,2.165218940405024,2.165218940405024,True,0,False,-0.5890715767082875
spike,direct_none,12,3.9390671937887882,3.9390671937887882,True,0,False,-0.8645603297534062
spike,direct_none,13,9.113513645176354,9.113513645176354,True,0,False,-0.9123703287762988
spike,direct_none,14,7.909519375314899,7.909519375314899,True,0,False,-0.6750296015541231
spike,direct_none,15,7.453652181692172,7.453652181692172,True,0,False,-0.233259302176771
spike,direct_none,16,3.7373250943478804,3.7373250943478804,True,0,True,0.17911584922047838
spike,direct_none,17,0.4064363513439055,0.4064363513439055,True,0,True,0.13472353152444091
spike,direct_none,18,0.41717153241582394,0.41717153241582394,True,0,False,-0.1948847288033837
spike,direct_none,19,2.064076840014175,2.064076840014175,True,0,False,-0.4717299776242898
spike,direct_none,20,2.209266101889817,2.209266101889817,True,0,False,-0.4629340046511466
spike,direct_none,21,5.511324539962559,5.511324539962559,True,0,False,-0.18472042995558438
spike,direct_none,22,2.111566848623893,2.111566848623893,True,0,True,0.163768021895628
spike,direct_none,23,0.3758050909893525,0.3758050909893525,True,0,True,0.13443054497005844
spike,direct_none,24,0.3738909591173409,0.3738909591173409,True,0,False,-0.001308556106718389
spike,direct_none,25,2.0249656567466756,2.0249656567466756,True,0,False,-0.17638287808870046
spike,direct_none,26,2.0771602575946027,2.0771602575946027,True,0,False,-0.1812984625546168
spike,direct_none,27,2.064432079018504,2.064432079018504,True,0,True,0.004123036546068207
spike,direct_none,28,0.5138232643050736,0.5138232643050736,True,0,True,0.14019079289209027
spike,direct_none,29,0.3616299559962646,0.3616299559962646,True,0,True,0.1887782224614118
spike,direct_none,30,0.3408658792393571,0.3408658792393571,True,0,True,0.20074534197477567
spike,direct_none,31,0.319145012812643,0.319145012812643,True,0,True,0.22003444911185335
spike,direct_none,32,0.3036824292588124,0.3036824292588124,True,0,True,0.2391927295528574
spike,direct_none,33,0.29384844310636915,0.29384844310636915,True,0,True,0.18279995509217348
spike,direct_none,34,0.28538879671190803,0.28538879671190803,True,0,True,0.19312611297546547
spike,direct_none,35,0.2727925100073992,0.2727925100073992,True,0,True,0.1716848365849259
spike,direct_none,36,0.2588761299220192,0.2588761299220192,True,0,True,0.0844262073634967
spike,direct_none,37,0.2528691052149598,0.2528691052149598,True,0,True,0.1734020693805723
spike,direct_none,38,0.2273620657029092,0.2273620657029092,True,0,True,0.2769955879549125
spike,direct_none,39,0.21342624821005515,0.21342624821005515,True,0,True,0.308101974368179
spike,direct_lim_style,0,0.2158809897056841,0.2158809897056841,True,0,True,0.31810092225656134
spike,direct_lim_style,1,0.18067975854714702,0.18184615824552652,True,1,True,0.30396690517482555
spike,direct_lim_style,2,0.12974753913378817,0.13103892207936385,True,1,True,0.20508135679452275
spike,direct_lim_style,3,0.12351949848303163,0.12527622918083273,True,1,True,0.2987226434602543
spike,direct_lim_style,4,0.12070190561854068,0.12283688303952298,True,0,True,0.006284014538037105
spike,direct_lim_style,5,0.3582489001447267,0.3613599263826916,True,1,True,0.29305569600270903
spike,direct_lim_style,6,0.12223392614150878,0.12509016463576159,True,0,True,0.09577390367206616
spike,direct_lim_style,7,0.16356404360963825,0.16684557385856152,True,0,True,0.12924987483265865
spike,direct_lim_style,8,0.20289193394497368,0.20658941435293038,True,0,True,0.3279174454371509
spike,direct_lim_style,9,0.15817372504304192,0.161783098999228,True,0,True,0.21875279656168176
spike,direct_lim_style,10,0.15774240514396437,0.16136700500483817,True,0,True,0.09181905680740204
spike,direct_lim_style,11,0.1688443943795742,0.17266966024827315,True,0,True,0.15760059886756542
spike,direct_lim_style,12,0.17337086111399025,0.17746427134209244,True,0,True,0.3280724489390068
spike,direct_lim_style,13,0.13944807124125472,0.14376590686119028,True,0,True,0.2630410380890289
spike,direct_lim_style,14,0.1559380169908254,0.16067295652978453,True,0,True,0.3138395085151193
spike,direct_lim_style,15,0.16101462043368936,0.16609461476592988,True,0,True,0.21002674974700952
spike,direct_lim_style,16,0.16251382328122907,0.16790066489423724,True,0,True,0.25919200510053825
spike,direct_lim_style,17,0.1461283263367147,0.15181083436825848,True,0,True,0.3255032288513294
spike,direct_lim_style,18,0.13819256683570935,0.14429711341530288,True,0,True,0.11081082696436832
spike,direct_lim_style,19,0.15154370871462144,0.1581717769041667,True,0,True,0.2468460926053895
spike,direct_lim_style,20,0.14281337749903408,0.14992392324165438,True,0,True,0.19490306454437376
spike,direct_lim_style,21,0.14157017237940714,0.1491639191634615,True,0,True,0.245850603992856
spike,direct_lim_style,22,0.1352764893042242,0.14325686795739956,True,0,True,0.1344526023004468
spike,direct_lim_style,23,0.150927342138424,0.15921597440088028,True,0,True,0.06008090642531727
spike,direct_lim_style,24,0.15260337452530354,0.1610710422014254,True,0,True,0.2755035298895178
spike,direct_lim_style,25,0.11916483528585615,0.1277367131538148,True,0,True,0.3410518530878208
spike,direct_lim_style,26,0.11321731793125378,0.1218863474764115,True,0,True,0.326522876535009
spike,direct_lim_style,27,0.11284305466007137,0.12155922985219969,True,0,True,0.26086149316994955
spike,direct_lim_style,28,0.11556366367666959,0.12430678083432607,True,0,True,0.321899525967237
spike,direct_lim_style,29,0.10793567444216517,0.11667477692285995,True,0,True,0.3245265954459691
spike,direct_lim_style,30,0.10753912351450616,0.11628881284220018,True,0,True,0.2944753813944878
spike,direct_lim_style,31,0.09958192507468346,0.10830575388179814,True,0,True,0.3482597235813163
spike,direct_lim_style,32,0.09034337233186776,0.09903680685718698,True,0,True,0.2990479630329658
spike,direct_lim_style,33,0.08968730777583557,0.09839400116188499,True,0,True,0.3545298896471885
spike,direct_lim_style,34,0.08628309798421366,0.09502272265527642,True,0,True,0.4247081891823604
spike,direct_lim_style,35,0.08108694002752355,0.08989528704066489,True,0,True,0.4390686651296741
spike,direct_lim_style,36,0.07904204233453588,0.08797855423814845,True,0,True,0.46922963722741995
spike,direct_lim_style,37,0.07414999238951736,0.08324268951096801,True,0,True,0.4809457673189149
spike,direct_lim_style,38,0.07230839584387638,0.08158737468135178,True,0,True,0.4567286603640714
spike,direct_lim_style,39,0.07057502569070216,0.08003887467971645,True,0,True,0.41555448879190804
spike,direct_slim_style,0,0.2158809897056841,0.23588098970568408,True,0,True,0.31810092222216824
spike,direct_slim_style,1,0.18067975854920898,0.2042470658901783,True,1,True,0.30396821981086725
spike,direct_slim_style,2,0.129837921358339,0.15347741991447234,True,1,True,0.20835563583318156
spike,direct_slim_style,3,0.12355733108167133,0.14874233435320264,True,1,True,0.2955874586777151
spike,direct_slim_style,4,0.11999607749098785,0.1469025240844432,True,0,True,0.027825187130364484
spike,direct_slim_style,5,0.2776911488248096,0.37794508373188446,True,1,True,0.2978455370876698
spike,direct_slim_style,6,0.12091682401557406,0.14951945499638458,True,0,True,0.09272149051040304
spike,direct_slim_style,7,0.16188724816899566,0.1968312739715934,True,0,True,0.15295218831621873
spike,direct_slim_style,8,0.20294587382363616,0.23725639114463068,True,0,True,0.34201575682080493
spike,direct_slim_style,9,0.1578224892716786,0.1874558111008378,True,0,True,0.21374982521929772
spike,direct_slim_style,10,0.15442856907998703,0.18407473033133903,True,0,True,0.19306449561033218
spike,direct_slim_style,11,0.15106712693836552,0.1807777738443305,True,0,True,0.12281284984855201
spike,direct_slim_style,12,0.17586179756484452,0.2086764032911573,True,0,True,0.3419709368642234
spike,direct_slim_style,13,0.14203526240528802,0.1730930375461705,True,0,True,0.3329280429887383
spike,direct_slim_style,14,0.15934746663770125,0.19202582938818225,True,0,True,0.3152520479588899
spike,direct_slim_style,15,0.1609461796842647,0.19402093329151987,True,0,True,0.22621043034395236
spike,direct_slim_style,16,0.15887615822173481,0.1920329439220215,True,0,True,0.3298468749122923
spike,direct_slim_style,17,0.14783309452565072,0.18050154964731707,True,0,True,0.24637615189371367
spike,direct_slim_style,18,0.14789336663682465,0.18149427824017791,True,0,True,0.20077413344298087
spike,direct_slim_style,19,0.1522843749816108,0.1873030984705779,True,0,True,0.2777384818886786
spike,direct_slim_style,20,0.13736354951201638,0.17198788951739077,True,0,True,0.2739836353955658
spike,direct_slim_style,21,0.13323979023649848,0.1690912473838824,True,0,True,0.33304136617441826
spike,direct_slim_style,22,0.12041548346427743,0.1566335161042576,True,0,True,0.3121211917053015
spike,direct_slim_style,23,0.11816893337584142,0.15538926397198752,True,0,True,0.3096667465241927
spike,direct_slim_style,24,0.11671037134043229,0.15416777761393038,True,0,True,0.3255350466813901
spike,direct_slim_style,25,0.11267652627418975,0.14985517335589485,True,0,True,0.35308156539063623
spike,direct_slim_style,26,0.1103259630864925,0.14755366650958227,True,0,True,0.38491034158341825
spike,direct_slim_style,27,0.10768062332982219,0.14522119941867587,True,0,True,0.2801133045795561
spike,direct_slim_style,28,0.10537656565738328,0.14306936268010434,True,0,True,0.26876582834420076
spike,direct_slim_style,29,0.10207764494864442,0.13913212200346556,True,0,True,0.4729907541736819
spike,direct_slim_style,30,0.09457457352929233,0.13108030449455355,True,0,True,0.3673066516896868
spike,direct_slim_style,31,0.09186687685027152,0.1286155935571851,True,0,True,0.42096800999866524
spike,direct_slim_style,32,0.0872377266353521,0.1237468051536562,True,0,True,0.3691973736896075
spike,direct_slim_style,33,0.08318897277619616,0.11950539671341728,True,0,True,0.3430506603517874
spike,direct_slim_style,34,0.08229166251904921,0.11866148008474395,True,0,True,0.35329142194115104
spike,direct_slim_style,35,0.0790152893807485,0.11516941412809527,True,0,True,0.3966975026126277
spike,direct_slim_style,36,0.0749045838375786,0.11101691620405257,True,0,True,0.45798840701686366
spike,direct_slim_style,37,0.07243117036973619,0.10862243202215316,True,0,True,0.46942668040576613
spike,direct_slim_style,38,0.06982040510059662,0.10617059627579462,True,0,True,0.4795121310199545
spike,direct_slim_style,39,0.06630336514921145,0.10275327250638269,True,0,True,0.4859183716356919
spike,direct_amips_style,0,0.2158809897056841,0.2208809897056841,True,0,True,0.31810092228195413
spike,direct_amips_style,1,0.1806797585458166,0.18610454967121445,True,1,True,0.3039655932403163
spike,direct_amips_style,2,0.12977140326077052,0.13523519497126282,True,1,True,0.20378036673681094
spike,direct_amips_style,3,0.1236211112444261,0.129336850611978,True,1,True,0.29839332325324325
spike,direct_amips_style,4,0.12098414315793425,0.12697421520505164,True,0,True,0.005300956339570656
spike,direct_amips_style,5,0.3719116226848139,0.38243092387035466,True,1,True,0.30001247166130834
spike,direct_amips_style,6,0.12219105293764705,0.128476135155863,True,0,True,0.06758087566617704
spike,direct_amips_style,7,0.1732264594670224,0.18002813792752173,True,0,True,0.1500052926763102
spike,direct_amips_style,8,0.19844192986852274,0.20524241207956626,True,0,True,0.33917446536082463
spike,direct_amips_style,9,0.16173677209889534,0.16827707482658463,True,0,True,0.22200621222498682
spike,direct_amips_style,10,0.15436049553641193,0.16082392347534605,True,0,True,0.27203516675919115
spike,direct_amips_style,11,0.14751019516773453,0.1540257869438883,True,0,True,0.15123192670980148
spike,direct_amips_style,12,0.172550851505165,0.1794411737868854,True,0,True,0.29574100129913006
spike,direct_amips_style,13,0.1455844197850749,0.1527216936207849,True,0,True,0.23348564659344148
spike,direct_amips_style,14,0.1632442915743281,0.17061502402603707,True,0,True,0.2862965361690225
spike,direct_amips_style,15,0.16898198242058682,0.17653174645458927,True,0,True,0.20243408722120595
spike,direct_amips_style,16,0.16603824074875362,0.1736225500244028,True,0,True,0.3145230462312026
spike,direct_amips_style,17,0.14858339686751726,0.15611921323845276,True,0,True,0.22866735517317396
spike,direct_amips_style,18,0.15042395532446318,0.15812269295598244,True,0,True,0.22534119128000774
spike,direct_amips_style,19,0.15067137149392082,0.15860218066349543,True,0,True,0.30619832970037325
spike,direct_amips_style,20,0.14312218657076128,0.15134059092730984,True,0,True,0.27485181801359854
spike,direct_amips_style,21,0.13719626460263648,0.14566116917276237,True,0,True,0.3685319734090022
spike,direct_amips_style,22,0.13031121290520895,0.13917447490224855,True,0,True,0.32999554000269316
spike,direct_amips_style,23,0.13511543077437854,0.14423558003501638,True,0,True,0.40061519893803776
spike,direct_amips_style,24,0.12962349584057115,0.13876658929620952,True,0,True,0.41203828057237246
spike,direct_amips_style,25,0.12608295986352283,0.13526489452951437,True,0,True,0.4285329665339152
spike,direct_amips_style,26,0.1174113435822762,0.12652451451424782,True,0,True,0.3715347128078186
spike,direct_amips_style,27,0.11371551715673939,0.12285847867669811,True,0,True,0.351823579579463
spike,direct_amips_style,28,0.1095903567178256,0.11856330475686278,True,0,True,0.2996419714242677
spike,direct_amips_style,29,0.10260457420734476,0.11145679126009173,True,0,True,0.34523804852157297
spike,direct_amips_style,30,0.09610686564598052,0.10497981742956826,True,0,True,0.3272424668055089
spike,direct_amips_style,31,0.09402979748042459,0.10299617277253954,True,0,True,0.3446519955192247
spike,direct_amips_style,32,0.09049727642026523,0.09950047402911286,True,0,True,0.3435470820924361
spike,direct_amips_style,33,0.08765112092194746,0.09670260835074242,True,0,True,0.3705388904194767
spike,direct_amips_style,34,0.08569859996219412,0.09480528798556431,True,0,True,0.41047998897875404
spike,direct_amips_style,35,0.0823869175186124,0.09155739342711422,True,0,True,0.4430151556713099
spike,direct_amips_style,36,0.08067171030435545,0.08993110794150275,True,0,True,0.4597862828872817
spike,direct_amips_style,37,0.07750308965954743,0.08682916710623395,True,0,True,0.4614175828106503
spike,direct_amips_style,38,0.07576849239932171,0.0851674277927532,True,0,True,0.4821573459086593
spike,direct_amips_style,39,0.07489100597271367,0.0843933818842302,True,0,True,0.48371845222935306
random,mu_lbs_fixed,0,5.205773523499323,,True,0,True,0.6727494005448528
random,mu_lbs_fixed,1,4.806624896128677,,True,0,True,0.4322456341332155
random,mu_lbs_fixed,2,4.395928105051688,,True,0,True,0.2630995768452758
random,mu_lbs_fixed,3,3.9746056042424662,,True,0,True,0.15072406615443815
random,mu_lbs_fixed,4,3.544534515033334,,True,0,True,0.08057689967419424
random,mu_lbs_fixed,5,3.110612162974523,,True,0,True,0.0393123785962076
random,mu_lbs_fixed,6,2.682477325335709,,True,0,True,0.01650945703936389
random,mu_lbs_fixed,7,2.276895353776591,,True,0,True,0.005498585636800837
random,mu_lbs_fixed,8,1.9321688228638882,,True,0,True,0.003473023383946883
random,mu_lbs_fixed,9,1.659470487601187,,True,0,True,0.0038991729248467858
random,mu_lbs_fixed,10,1.4236253593657882,,True,0,True,0.004632445272693946
random,mu_lbs_fixed,11,1.231935697206537,,True,0,True,0.005324048668539611
random,mu_lbs_fixed,12,1.0825776980745,,True,0,True,0.002723443446611458
random,mu_lbs_fixed,13,3.1239108561115625,,True,0,True,0.004377474107183945
random,mu_lbs_fixed,14,0.9667234838859207,,True,0,True,0.003805249847949724
random,mu_lbs_fixed,15,0.9811461987873541,,True,0,True,0.0034899302726081344
random,mu_lbs_fixed,16,0.9974572811978457,,True,0,True,0.0033652898426467
random,mu_lbs_fixed,17,1.013964559473417,,True,0,True,0.003383895622905397
random,mu_lbs_fixed,18,1.0307456541290527,,True,0,True,0.0035099206572945553
random,mu_lbs_fixed,19,1.048045039507293,,True,0,True,0.0037146281498078837
random,mu_lbs_fixed,20,1.0659334668357665,,True,0,True,0.003973387893134599
random,mu_lbs_fixed,21,1.0841978459040447,,True,0,True,0.0042638249622397595
random,mu_lbs_fixed,22,1.102368462911049,,True,0,True,0.0045650996195108805
random,mu_lbs_fixed,23,1.1198087407582076,,True,0,True,0.004548471044845935
random,mu_lbs_fixed,24,1.1358343410493115,,True,0,True,0.004556328007117879
random,mu_lbs_fixed,25,1.1498648539159513,,True,0,True,0.004656699197796761
random,mu_lbs_fixed,26,1.1615858189366528,,True,0,True,0.004845714276052221
random,mu_lbs_fixed,27,1.1710293537707308,,True,0,True,0.005116402046403013
random,mu_lbs_fixed,28,1.1784930982788349,,True,0,True,0.005459066893805852
random,mu_lbs_fixed,29,1.1843570269468737,,True,0,True,0.005861926136097653
random,mu_lbs_fixed,30,1.1889382110918643,,True,0,True,0.005928877791941355
random,mu_lbs_fixed,31,1.1924453149543386,,True,0,True,0.005949494264259773
random,mu_lbs_fixed,32,1.1949998785177025,,True,0,True,0.005953734597764726
random,mu_lbs_fixed,33,1.1966743658061934,,True,0,True,0.005947377861850534
random,mu_lbs_fixed,34,1.1975210640391714,,True,0,True,0.005935303292762366
random,mu_lbs_fixed,35,1.1975871153150526,,True,0,True,0.005921406751344442
random,mu_lbs_fixed,36,1.1969196966211526,,True,0,True,0.005908618380606179
random,mu_lbs_fixed,37,1.1955664025267212,,True,0,True,0.005898986177363869
random,mu_lbs_fixed,38,1.1935741981598647,,True,0,True,0.005893797669243504
random,mu_lbs_fixed,39,1.190988480682952,,True,0,True,0.005893718320033546
random,direct_none,0,5.197773523499321,5.197773523499321,True,0,False,-0.4399997078723859
random,direct_none,1,14.471169868371605,14.471169868371605,True,0,False,-1.4186958417929303
random,direct_none,2,67.0613370775357,67.0613370775357,True,0,False,-2.144973015442816
random,direct_none,3,66.9117849210585,66.9117849210585,True,0,False,-1.4848313726077618
random,direct_none,4,52.30692236270885,52.30692236270885,True,0,False,-1.3112098637603136
random,direct_none,5,39.09619991158572,39.09619991158572,True,0,False,-0.8349930849984138
random,direct_none,6,30.231296553583437,30.231296553583437,True,0,False,-1.1552639924953985
random,direct_none,7,28.184874775484722,28.184874775484722,True,0,False,-1.460045070728399
random,direct_none,8,31.669961355017147,31.669961355017147,True,0,False,-1.1678729965825707
random,direct_none,9,32.946776029745614,32.946776029745614,True,0,False,-0.9416274592283077
random,direct_none,10,41.61827731034275,41.61827731034275,True,0,False,-0.9486384137746701
random,direct_none,11,41.594308538092925,41.594308538092925,True,0,False,-1.0152203228087884
random,direct_none,12,40.16980879539019,40.16980879539019,True,0,False,-0.9699388833582745
random,direct_none,13,37.81013722342558,37.81013722342558,True,0,False,-1.21960226794113
random,direct_none,14,40.89048264836205,40.89048264836205,True,0,False,-1.064610228162925
random,direct_none,15,46.59439026908298,46.59439026908298,True,0,False,-1.5042468302889487
random,direct_none,16,39.534497490010764,39.534497490010764,True,0,False,-1.6383672786809016
random,direct_none,17,45.2876437564803,45.2876437564803,True,0,False,-1.3159355433818272
random,direct_none,18,41.825085297670434,41.825085297670434,True,0,False,-1.1090435569191477
random,direct_none,19,40.23639769956015,40.23639769956015,True,0,False,-1.4077445738614445
random,direct_none,20,47.30955202678818,47.30955202678818,True,0,False,-1.8183310507813446
random,direct_none,21,57.80180891744313,57.80180891744313,True,0,False,-1.8475864023939863
random,direct_none,22,59.800277359079075,59.800277359079075,True,0,False,-2.3173692985866974
random,direct_none,23,63.162823584037525,63.162823584037525,True,0,False,-2.2910398407681707
random,direct_none,24,55.81099642629306,55.81099642629306,True,0,False,-1.853838402506624
random,direct_none,25,61.53210755407902,61.53210755407902,True,0,False,-1.1758531696115737
random,direct_none,26,52.94526595791419,52.94526595791419,True,0,False,-1.5960412093465255
random,direct_none,27,54.51759440807986,54.51759440807986,True,0,False,-1.6859246432393402
random,direct_none,28,60.8458374738427,60.8458374738427,True,0,False,-1.4182415706104654
random,direct_none,29,59.728648157830804,59.728648157830804,True,0,False,-1.165036988684517
random,direct_none,30,63.92791859196985,63.92791859196985,True,0,False,-1.6933578383725096
random,direct_none,31,67.53421935877836,67.53421935877836,True,0,False,-1.2780069305534263
random,direct_none,32,63.00432417155642,63.00432417155642,True,0,False,-1.1549518221684565
random,direct_none,33,71.8148453128767,71.8148453128767,True,0,False,-1.176362415190534
random,direct_none,34,76.82953576917157,76.82953576917157,True,0,False,-1.3960993736437297
random,direct_none,35,69.12307948016105,69.12307948016105,True,0,False,-1.4611149567207267
random,direct_none,36,72.03689423494312,72.03689423494312,True,0,False,-1.3414052648405974
random,direct_none,37,75.78889432628627,75.78889432628627,True,0,False,-1.302562340216269
random,direct_none,38,79.77666445090914,79.77666445090914,True,0,False,-1.3777925285239594
random,direct_none,39,89.45274651728428,89.45274651728428,True,0,False,-1.531921946705994
random,direct_lim_style,0,5.197773523499321,5.197773523499321,True,1,True,0.360000016909468
random,direct_lim_style,1,4.186746593203596,4.1882825171258276,True,2,True,0.16037824048225116
random,direct_lim_style,2,3.5661503236867804,3.5692720348677764,True,3,True,0.092588359167735
random,direct_lim_style,3,3.2148150488391583,3.2190124070371082,True,4,True,0.06591841898655314
random,direct_lim_style,4,3.022268779735867,3.027084568355148,True,5,True,0.030684204175510484
random,direct_lim_style,5,2.923230933751071,2.9283900069920827,True,5,True,0.025406607671200145
random,direct_lim_style,6,2.818086141047187,2.8235829816906013,True,6,True,0.007667742371564743
random,direct_lim_style,7,2.760669912135131,2.7663455449173204,True,8,True,0.002956435182078672
random,direct_lim_style,8,2.7518884823807856,2.7576247524893165,True,3,True,0.009788300563337574
random,direct_lim_style,9,2.432882227512261,2.4400184616307707,True,5,True,0.006595434179410544
random,direct_lim_style,10,2.356521849907214,2.364066587245048,True,4,True,0.0010146581442662208
random,direct_lim_style,11,2.298927913138391,2.307475048295985,True,5,True,0.0003405280823634296
random,direct_lim_style,12,2.422844691391529,2.4318414985124908,True,4,True,0.000352013308678231
random,direct_lim_style,13,2.1417511766350263,2.150497210098092,True,4,True,0.001249340026784705
random,direct_lim_style,14,2.0291643382175697,2.037884094547379,True,6,True,0.0006934495262625339
random,direct_lim_style,15,2.037112786169701,2.045916254623213,True,5,True,0.001872841755269658
random,direct_lim_style,16,1.9811488826735348,1.989993431814075,True,4,True,0.0010431934652983979
random,direct_lim_style,17,1.9771163473410018,1.9862474886662553,True,3,True,0.005310513368122456
random,direct_lim_style,18,1.9201718382615496,1.9295659823812783,True,4,True,0.006158902048255032
random,direct_lim_style,19,1.8733110931680073,1.8829521263808031,True,4,True,0.006444112568564473
random,direct_lim_style,20,1.8225281122459174,1.8324944780231158,True,5,True,0.0024788112038401887
random,direct_lim_style,21,1.795309854417142,1.805474759684077,True,4,True,0.006882940437619147
random,direct_lim_style,22,1.719020982916025,1.7295365274932177,True,6,True,0.006875763901965444
random,direct_lim_style,23,1.7002918347804632,1.7109319247948374,True,7,True,0.0037964117802675892
random,direct_lim_style,24,1.6955340902158156,1.7062557555610833,True,5,True,0.002136675619740397
random,direct_lim_style,25,1.6807259890387027,1.6917292863293465,True,5,True,0.005569139833659579
random,direct_lim_style,26,1.637529282628786,1.6487048369735753,True,4,True,0.0038737954917781687
random,direct_lim_style,27,1.5968356618549004,1.608479091592359,True,4,True,0.0005213626852692755
random,direct_lim_style,28,1.603110595233874,1.615311702366281,True,3,True,0.0034464609181602325
random,direct_lim_style,29,1.5939920057174133,1.6069736854419205,True,3,True,0.007450608105316269
random,direct_lim_style,30,1.484819788042155,1.4983455928050686,True,4,True,0.00498903437851246
random,direct_lim_style,31,1.4565295034474917,1.4703862468560631,True,6,True,0.0038198274537367526
random,direct_lim_style,32,1.4554821263613689,1.4694290758526745,True,3,True,0.005977166545902985
random,direct_lim_style,33,1.437546763770503,1.451776092855004,True,5,True,0.0036756721136790363
random,direct_lim_style,34,1.421982672152354,1.436262476061097,True,2,True,0.0030592341422999683
random,direct_lim_style,35,1.4151935439058088,1.4298065904720267,True,3,True,0.00536600750009266
random,direct_lim_style,36,1.3912809411097746,1.4058834295809277,True,3,True,0.0050412905158963685
random,direct_lim_style,37,1.3707670524521856,1.3853743689108713,True,4,True,0.004913889352977953
random,direct_lim_style,38,1.3622549353622468,1.3768970792817314,True,3,True,0.004594360936704488
random,direct_lim_style,39,1.357606613153338,1.3723477416305592,True,3,True,0.0036743475860443906
random,direct_slim_style,0,5.197773523499321,5.2177735234993206,True,1,True,0.360000016909468
random,direct_slim_style,1,4.186746593203596,4.21157692670146,True,2,True,0.16048493377285916
random,direct_slim_style,2,3.565854009912406,3.598530474523495,True,3,True,0.09344529628805028
random,direct_slim_style,3,3.21359585527136,3.2569393875877086,True,4,True,0.06572938571387435
random,direct_slim_style,4,3.020396497686712,3.0790291268282424,True,4,True,0.02608695678276058
random,direct_slim_style,5,2.8148230082841583,2.9230178770769433,True,3,True,0.012641753541932558
random,direct_slim_style,6,2.5016525444284845,2.636185292792385,True,4,True,0.005755548661388209
random,direct_slim_style,7,2.3503986590896933,2.584493000540346,True,4,True,0.0013964476710242861
random,direct_slim_style,8,2.2457696534982374,2.662327036243842,True,3,True,0.005267417432202216
random,direct_slim_style,9,2.16293441186288,2.4104923039601442,True,3,True,0.011195281568126134
random,direct_slim_style,10,2.127222941046392,2.397884613468336,True,3,True,0.01691373532806836
random,direct_slim_style,11,2.0877049876065534,2.2082352405739307,True,3,True,0.0192970936430869
random,direct_slim_style,12,2.0332892098917132,2.170153653346355,True,3,True,0.02102401152416679
random,direct_slim_style,13,1.9383441579071496,2.084226295886839,True,3,True,0.0011032679437843094
random,direct_slim_style,14,1.8754671607966191,14.351721445006644,True,3,True,0.013169177427823293
random,direct_slim_style,15,1.7884284088620717,1.9414163221846361,True,2,True,0.001134741220020461
random,direct_slim_style,16,1.8503515067389218,115.85626312849715,True,3,True,0.01212069771499497
random,direct_slim_style,17,1.5403327999202368,1.883660778788017,True,3,True,0.006524393104088925
random,direct_slim_style,18,1.4947414955674656,2.433386334870616,True,5,True,0.007550313361568068
random,direct_slim_style,19,1.482966667750186,2.242804792987268,True,4,True,0.004671150911063026
random,direct_slim_style,20,1.489787185051662,7.4209427333523665,True,5,True,0.00885689301899977
random,direct_slim_style,21,1.4788417661706708,2.038177579877602,True,6,True,0.0037475623813528576
random,direct_slim_style,22,1.4817662508177742,3.0940772137849875,True,7,True,0.0018051273275373687
random,direct_slim_style,23,1.4888304672949042,7.50108652879709,True,2,True,0.013221209226055776
random,direct_slim_style,24,1.5120887905076719,1.7384589978851421,True,2,True,0.012324933316907996
random,direct_slim_style,25,1.5814243168882192,1.8300948088333675,True,2,True,0.007619113249683839
random,direct_slim_style,26,1.6143143020805615,1.809300990133487,True,2,True,0.010545122924455285
random,direct_slim_style,27,1.637593472259412,1.828332908540853,True,2,True,0.006875712741937211
random,direct_slim_style,28,1.6631722338830974,1.9321228404700328,True,1,True,0.0028619916988643418
random,direct_slim_style,29,1.7943632654526491,4.266696970246755,True,2,True,0.029661502995978202
random,direct_slim_style,30,1.8000579895436224,1.9482161150292523,True,2,True,0.03416882319959077
random,direct_slim_style,31,1.8177323723820558,1.9856934717112957,True,2,True,0.02984621299104751
random,direct_slim_style,32,1.8051578433698774,1.9751315020660178,True,2,True,0.021559922176849246
random,direct_slim_style,33,1.7905873146717324,2.0344701377673755,True,3,True,0.018785275927401653
random,direct_slim_style,34,1.8120462775211958,2.187625097126703,True,1,True,0.025717070469610765
random,direct_slim_style,35,1.842557898174116,2.0318304955000874,True,2,True,0.027794710664380017
random,direct_slim_style,36,1.8492909618378184,2.095842906235698,True,3,True,0.01434018277377972
random,direct_slim_style,37,1.8727605359871204,2.2296902062219117,True,4,True,0.01059764737397815
random,direct_slim_style,38,1.85253164733399,2.3057333449064936,True,1,True,0.013127106278657756
random,direct_slim_style,39,1.9084877627363972,2.4592289029229497,True,3,True,0.02320016798644204
random,direct_amips_style,0,5.197773523499321,5.202773523499321,True,1,True,0.360000016909468
random,direct_amips_style,1,4.186746593203596,4.192393696992562,True,2,True,0.16037115592176523
random,direct_amips_style,2,3.5661939229266726,3.5726920268184474,True,3,True,0.09255334930670041
random,direct_amips_style,3,3.2148569655971926,3.222219280225793,True,4,True,0.06593680249583314
random,direct_amips_style,4,3.0223207362903826,3.0304520931853616,True,5,True,0.03137739624259133
random,direct_amips_style,5,2.923135847340013,2.9322614756793,True,5,True,0.02659789231917659
random,direct_amips_style,6,2.8172046336614898,2.8270469534219673,True,6,True,0.0077310565804385965
random,direct_amips_style,7,2.7603989263431403,2.7713594308060903,True,8,True,0.003519819598104246
random,direct_amips_style,8,2.7504541786525567,2.7634046608324265,True,3,True,0.009818969638335557
random,direct_amips_style,9,2.4347470503367967,2.4475724985337712,True,4,True,0.001264557067574891
random,direct_amips_style,10,2.3933593829953512,2.426748135745286,True,5,True,0.001076215534387628
random,direct_amips_style,11,2.2828265787409587,2.303321299812363,True,5,True,0.00041062553630165225
random,direct_amips_style,12,2.3182304990908222,2.3488283408503654,True,4,True,0.00042039875231520655
random,direct_amips_style,13,2.1546120137545204,2.1744690512321947,True,4,True,0.0014354846835076323
random,direct_amips_style,14,2.0510258324597435,2.067657145000223,True,5,True,0.00022433138969529267
random,direct_amips_style,15,2.0806762535918897,2.1535393700965733,True,4,True,0.002885849446244139
random,direct_amips_style,16,2.0028346463124804,2.0204941614107312,True,3,True,0.0024907471000592124
random,direct_amips_style,17,1.9450469055278055,1.9657282519911659,True,4,True,0.005466132185413704
random,direct_amips_style,18,1.9094476188452234,1.925731461241951,True,4,True,0.00543546606384127
random,direct_amips_style,19,1.8776395400386554,1.893898525884364,True,4,True,0.0005924343251968334
random,direct_amips_style,20,1.863554438632083,1.8920658669102155,True,4,True,0.006213878601888184
random,direct_amips_style,21,1.7913753752974697,1.8062385646491994,True,5,True,0.002358573830846825
random,direct_amips_style,22,1.7775998719069208,1.7956354615005217,True,3,True,0.0023732500660649677
random,direct_amips_style,23,1.7171459822998847,1.7379730453967097,True,4,True,0.0057747003079316305
random,direct_amips_style,24,1.6892890378267853,1.708862181360468,True,3,True,0.0022079315669456066
random,direct_amips_style,25,1.667643947284735,1.6894568170097641,True,3,True,0.003491899633070215
random,direct_amips_style,26,1.596602080403454,1.6180466260176776,True,4,True,0.003906775819292719
random,direct_amips_style,27,1.5806161568388766,1.6043197388285506,True,3,True,0.0022757272968564352
random,direct_amips_style,28,1.569568185038208,1.5975663248536538,True,3,True,0.004390237014006153
random,direct_amips_style,29,1.4621720079815232,1.4905129810207132,True,6,True,0.006724583103042745
random,direct_amips_style,30,1.4560334906833612,1.4887716349695457,True,3,True,0.009471657837495946
random,direct_amips_style,31,1.4343726284780802,1.4569177293134141,True,4,True,0.00834587056515056
random,direct_amips_style,32,1.4177068448680687,1.441644935735087,True,4,True,0.002352299928580451
random,direct_amips_style,33,1.4020915563815814,1.4286808639540325,True,3,True,0.003009087830529407
random,direct_amips_style,34,1.399262376332331,1.42261334260158,True,2,True,0.005076286583490257
random,direct_amips_style,35,1.378071484859505,1.3982949306306123,True,3,True,0.006612860865903671
random,direct_amips_style,36,1.3769879062936377,1.3986788777821046,True,3,True,0.005806388020346035
random,direct_amips_style,37,1.363911926471212,1.3871067832049784,True,4,True,0.000973146550260484
random,direct_amips_style,38,1.4169243060583872,1.5131549398880866,True,4,True,0.0044557429807217455
random,direct_amips_style,39,1.3382460425007725,1.3612983159375793,True,3,True,0.003768969356765844
