case_id,stain,control_side,teacher_nonpositive_q1_corners_257,teacher_affine_m11,teacher_affine_det,safe_nonpositive_q1_corners_257,safe_interior_vertex_rmse_normalized,safe_all_vertex_rmse_normalized,safe_boundary_max_distance_normalized
100,PGR,257,4131,0.93218935,0.87403166,0,0.00043608,0.00156120,0.02773375
156,KI67,257,913,0.94833279,0.91059816,0,0.00077236,0.00195609,0.03669466
315,HER2,257,0,0.99809438,0.99774772,0,0.00031831,0.00090677,0.01418255
330,HER2,257,0,0.97944582,0.98021495,0,0.00017568,0.00073915,0.01195344
399,KI67,257,0,0.95953071,0.91364098,0,0.00044457,0.00091959,0.01443977
495,HER2,257,0,0.99323201,0.98317605,0,0.00067755,0.00144471,0.01864797
585,ER,257,42,0.97601420,0.95169866,0,0.00031047,0.00087961,0.01437622
586,PGR,257,981,-1.01280856,1.08080649,0,0.00053133,0.00161877,0.02128296
638,PGR,257,136,-0.96861887,0.94583124,0,0.00057870,0.00195530,0.03496991
733,HER2,257,0,-0.96466386,0.93938023,0,0.00029382,0.00065231,0.00991409
