case_id,stain,canvas_side,canvas_mpp_um,initial_nonpositive_corners,initial_min_corner_det,full_nonpositive_corners,full_min_corner_det,full_max_displacement_canvas_px
100,PGR,512,38.21041436,0,0.85681320,20008,-0.03252960,53.12019
156,KI67,512,43.04249248,0,0.94504843,4788,-0.32455960,105.89999
315,HER2,512,87.45141329,0,1.03518227,104,-0.05524520,69.35641
330,HER2,512,89.27331774,0,0.99355181,84,-0.89955589,133.19948
399,KI67,512,78.03092712,0,0.95214024,19,-0.47845475,196.47659
495,HER2,512,58.06952716,0,1.07123797,64,-0.40258268,140.40045
585,ER,512,70.77223623,0,0.97578580,1272,-0.35852299,159.27197
586,PGR,512,98.38283996,0,1.09459439,2203,-0.07433045,819.88464
638,PGR,512,36.61831376,0,0.98830095,114,-0.16351324,716.16504
733,HER2,512,77.60761589,0,0.97453335,4,-0.20229437,841.18585
