test_group,training_texture_count,model_seed,minibatch_seed,test_deformation_count,control_side,image_side,vertex_map_rmse_mean,p1_image_mse_mean,saved_first_map_exact_q1_valid
histo,4,291001,291004,64,257,512,0.005357596,0.000295019,true
histo,4,291011,291014,64,257,512,0.005057152,0.000284719,true
histo,4,291021,291024,64,257,512,0.005008898,0.000305147,true
histo,13,291001,291004,64,257,512,0.004398261,0.000271035,true
histo,13,291011,291014,64,257,512,0.004711487,0.000279608,true
histo,13,291021,291024,64,257,512,0.005546935,0.000335153,true
lesion,4,291001,291004,64,257,512,0.006781497,0.003777946,true
lesion,4,291011,291014,64,257,512,0.006123366,0.003865079,true
lesion,4,291021,291024,64,257,512,0.007404917,0.004073393,true
lesion,13,291001,291004,64,257,512,0.005754513,0.003730257,true
lesion,13,291011,291014,64,257,512,0.005382549,0.003261910,true
lesion,13,291021,291024,64,257,512,0.005248424,0.003316309,true
kidney,4,291001,291004,64,257,512,0.007288477,0.003869798,true
kidney,4,291011,291014,64,257,512,0.006934930,0.003736779,true
kidney,4,291021,291024,64,257,512,0.007132532,0.003903213,true
kidney,13,291001,291004,64,257,512,0.005615237,0.003119301,true
kidney,13,291011,291014,64,257,512,0.005544182,0.003416675,true
kidney,13,291021,291024,64,257,512,0.005461055,0.003095938,true
