control,batch,layers,image_resolution,backend,dtype,device,warmup,repeats,seed,strength,threads,status,stage,host,commit,error,gpu_peak_allocated_bytes,gpu_peak_reserved_bytes,process_lifetime_hwm_bytes,throughput_samples_per_second,gradients_finite,mean_forward_seconds,mean_backward_seconds,mean_end_to_end_seconds,true_primal_relative_residual_max,flip_count_sum,minimum_signed_area,all_layer_sample_topology_certified,forward_methods,fallback_forward_layers,max_forward_iterations,max_forward_reported_relative_residual,adjoint_methods,fallback_adjoint_layers,max_adjoint_iterations,max_adjoint_reported_relative_residual,primary_failures,measured_primal_systems,measured_adjoint_systems
17,1,1,256,directed_iterative,float32,cuda,0,1,1701,3.0,1,ok,complete,ai,e31586cc9e7012b7d16bb52dce9fad3061f3aa82,,14021632,25165824,1131147264,0.5138837549310674,True,0.5800343044102192,1.358729712665081,1.9459653869271278,9.933400333406072e-06,0,2.4897843786675354e-09,True,bicgstab,0,81,9.946557838702574e-06,stationary_fallback,1,926,9.67499909165781e-06,BiCGStab breakdown: nonfinite dot-product scale,1,1
17,1,1,256,directed_iterative,float32,cuda,0,1,1702,3.0,1,ok,complete,ai,e31586cc9e7012b7d16bb52dce9fad3061f3aa82,,14021632,25165824,1097043968,0.27727953120843973,True,0.8418614640831947,2.7575794607400894,3.606468878686428,9.96081607369103e-06,0,3.4639946466796826e-10,True,bicgstab,0,159,9.979858077713288e-06,stationary_fallback,1,3322,9.946084901457652e-06,BiCGStab breakdown in shadow residual,1,1
17,1,1,256,directed_iterative,float32,cuda,0,1,1703,3.0,1,failure,measurement,ai,e31586cc9e7012b7d16bb52dce9fad3061f3aa82,stationary fallback did not converge within 10000 iterations after: BiCGStab did not converge within 500 iterations,,,1107009536,,,,,,,,,,,,,,,,,,,,
17,1,4,256,directed_iterative,float32,cuda,0,1,1701,3.0,1,failure,measurement,ai,e31586cc9e7012b7d16bb52dce9fad3061f3aa82,directed Tutte output does not have strictly positive face areas,,,998383616,,,,,,,,,,,,,,,,,,,,
17,1,4,256,directed_iterative,float32,cuda,0,1,1702,3.0,1,failure,measurement,ai,e31586cc9e7012b7d16bb52dce9fad3061f3aa82,directed Tutte output does not have strictly positive face areas,,,1017769984,,,,,,,,,,,,,,,,,,,,
17,1,4,256,directed_iterative,float32,cuda,0,1,1703,3.0,1,failure,measurement,ai,e31586cc9e7012b7d16bb52dce9fad3061f3aa82,directed Tutte output does not have strictly positive face areas,,,1020059648,,,,,,,,,,,,,,,,,,,,
17,4,1,256,directed_iterative,float32,cuda,0,1,1701,3.0,1,failure,measurement,ai,e31586cc9e7012b7d16bb52dce9fad3061f3aa82,directed Tutte output does not have strictly positive face areas,,,986591232,,,,,,,,,,,,,,,,,,,,
17,4,1,256,directed_iterative,float32,cuda,0,1,1702,3.0,1,ok,complete,ai,e31586cc9e7012b7d16bb52dce9fad3061f3aa82,,20371456,23068672,1092472832,0.8371443460476438,True,1.2730076164007187,3.4976908415555954,4.778148498386145,9.990363922485155e-06,0,2.0264678823878048e-11,True,stationary_fallback,1,1756,9.985923497879412e-06,stationary_fallback,1,3216,9.993434105126653e-06,BiCGStab breakdown in shadow residual|BiCGStab did not converge within 500 iterations,4,4
17,4,1,256,directed_iterative,float32,cuda,0,1,1703,3.0,1,failure,measurement,ai,e31586cc9e7012b7d16bb52dce9fad3061f3aa82,directed Tutte output does not have strictly positive face areas,,,986521600,,,,,,,,,,,,,,,,,,,,
17,4,4,256,directed_iterative,float32,cuda,0,1,1701,3.0,1,failure,measurement,ai,e31586cc9e7012b7d16bb52dce9fad3061f3aa82,directed Tutte output does not have strictly positive face areas,,,996507648,,,,,,,,,,,,,,,,,,,,
17,4,4,256,directed_iterative,float32,cuda,0,1,1702,3.0,1,failure,measurement,ai,e31586cc9e7012b7d16bb52dce9fad3061f3aa82,directed Tutte output does not have strictly positive face areas,,,996012032,,,,,,,,,,,,,,,,,,,,
17,4,4,256,directed_iterative,float32,cuda,0,1,1703,3.0,1,failure,measurement,ai,e31586cc9e7012b7d16bb52dce9fad3061f3aa82,directed Tutte output does not have strictly positive face areas,,,997470208,,,,,,,,,,,,,,,,,,,,
25,1,1,256,directed_iterative,float32,cuda,0,1,1701,3.0,1,failure,measurement,ai,e31586cc9e7012b7d16bb52dce9fad3061f3aa82,directed Tutte output does not have strictly positive face areas,,,1041207296,,,,,,,,,,,,,,,,,,,,
25,1,1,256,directed_iterative,float32,cuda,0,1,1702,3.0,1,failure,measurement,ai,e31586cc9e7012b7d16bb52dce9fad3061f3aa82,directed Tutte output does not have strictly positive face areas,,,991674368,,,,,,,,,,,,,,,,,,,,
25,1,1,256,directed_iterative,float32,cuda,0,1,1703,3.0,1,failure,measurement,ai,e31586cc9e7012b7d16bb52dce9fad3061f3aa82,directed Tutte output does not have strictly positive face areas,,,987709440,,,,,,,,,,,,,,,,,,,,
25,1,4,256,directed_iterative,float32,cuda,0,1,1701,3.0,1,failure,measurement,ai,e31586cc9e7012b7d16bb52dce9fad3061f3aa82,directed Tutte output does not have strictly positive face areas,,,998182912,,,,,,,,,,,,,,,,,,,,
25,1,4,256,directed_iterative,float32,cuda,0,1,1702,3.0,1,failure,measurement,ai,e31586cc9e7012b7d16bb52dce9fad3061f3aa82,directed Tutte output does not have strictly positive face areas,,,1035849728,,,,,,,,,,,,,,,,,,,,
25,1,4,256,directed_iterative,float32,cuda,0,1,1703,3.0,1,failure,measurement,ai,e31586cc9e7012b7d16bb52dce9fad3061f3aa82,directed Tutte output does not have strictly positive face areas,,,1004855296,,,,,,,,,,,,,,,,,,,,
25,4,1,256,directed_iterative,float32,cuda,0,1,1701,3.0,1,failure,measurement,ai,e31586cc9e7012b7d16bb52dce9fad3061f3aa82,directed Tutte output does not have strictly positive face areas,,,987680768,,,,,,,,,,,,,,,,,,,,
25,4,1,256,directed_iterative,float32,cuda,0,1,1702,3.0,1,failure,measurement,ai,e31586cc9e7012b7d16bb52dce9fad3061f3aa82,directed Tutte output does not have strictly positive face areas,,,987615232,,,,,,,,,,,,,,,,,,,,
25,4,1,256,directed_iterative,float32,cuda,0,1,1703,3.0,1,failure,measurement,ai,e31586cc9e7012b7d16bb52dce9fad3061f3aa82,directed Tutte output does not have strictly positive face areas,,,989184000,,,,,,,,,,,,,,,,,,,,
25,4,4,256,directed_iterative,float32,cuda,0,1,1701,3.0,1,failure,measurement,ai,e31586cc9e7012b7d16bb52dce9fad3061f3aa82,directed Tutte output does not have strictly positive face areas,,,998752256,,,,,,,,,,,,,,,,,,,,
25,4,4,256,directed_iterative,float32,cuda,0,1,1702,3.0,1,failure,measurement,ai,e31586cc9e7012b7d16bb52dce9fad3061f3aa82,directed Tutte output does not have strictly positive face areas,,,998428672,,,,,,,,,,,,,,,,,,,,
25,4,4,256,directed_iterative,float32,cuda,0,1,1703,3.0,1,failure,measurement,ai,e31586cc9e7012b7d16bb52dce9fad3061f3aa82,directed Tutte output does not have strictly positive face areas,,,998957056,,,,,,,,,,,,,,,,,,,,
49,1,1,256,directed_iterative,float32,cuda,0,1,1701,3.0,1,failure,measurement,ai,e31586cc9e7012b7d16bb52dce9fad3061f3aa82,directed Tutte output does not have strictly positive face areas,,,1021018112,,,,,,,,,,,,,,,,,,,,
49,1,1,256,directed_iterative,float32,cuda,0,1,1702,3.0,1,failure,measurement,ai,e31586cc9e7012b7d16bb52dce9fad3061f3aa82,stationary fallback did not converge within 10000 iterations after: BiCGStab breakdown in shadow residual,,,1012924416,,,,,,,,,,,,,,,,,,,,
49,1,1,256,directed_iterative,float32,cuda,0,1,1703,3.0,1,failure,measurement,ai,e31586cc9e7012b7d16bb52dce9fad3061f3aa82,stationary fallback did not converge within 10000 iterations after: BiCGStab breakdown in shadow residual,,,1032081408,,,,,,,,,,,,,,,,,,,,
49,1,4,256,directed_iterative,float32,cuda,0,1,1701,3.0,1,failure,measurement,ai,e31586cc9e7012b7d16bb52dce9fad3061f3aa82,directed Tutte output does not have strictly positive face areas,,,1028870144,,,,,,,,,,,,,,,,,,,,
49,1,4,256,directed_iterative,float32,cuda,0,1,1702,3.0,1,failure,measurement,ai,e31586cc9e7012b7d16bb52dce9fad3061f3aa82,stationary fallback did not converge within 10000 iterations after: BiCGStab breakdown in shadow residual,,,1038524416,,,,,,,,,,,,,,,,,,,,
49,1,4,256,directed_iterative,float32,cuda,0,1,1703,3.0,1,failure,measurement,ai,e31586cc9e7012b7d16bb52dce9fad3061f3aa82,stationary fallback did not converge within 10000 iterations after: BiCGStab breakdown in shadow residual,,,1004900352,,,,,,,,,,,,,,,,,,,,
49,4,1,256,directed_iterative,float32,cuda,0,1,1701,3.0,1,failure,measurement,ai,e31586cc9e7012b7d16bb52dce9fad3061f3aa82,realized rectangle boundary vertices must remain strictly ordered,,,891006976,,,,,,,,,,,,,,,,,,,,
49,4,1,256,directed_iterative,float32,cuda,0,1,1702,3.0,1,failure,measurement,ai,e31586cc9e7012b7d16bb52dce9fad3061f3aa82,realized rectangle boundary vertices must remain strictly ordered,,,889556992,,,,,,,,,,,,,,,,,,,,
49,4,1,256,directed_iterative,float32,cuda,0,1,1703,3.0,1,failure,measurement,ai,e31586cc9e7012b7d16bb52dce9fad3061f3aa82,realized rectangle boundary vertices must remain strictly ordered,,,889847808,,,,,,,,,,,,,,,,,,,,
49,4,4,256,directed_iterative,float32,cuda,0,1,1701,3.0,1,failure,measurement,ai,e31586cc9e7012b7d16bb52dce9fad3061f3aa82,realized rectangle boundary vertices must remain strictly ordered,,,904024064,,,,,,,,,,,,,,,,,,,,
49,4,4,256,directed_iterative,float32,cuda,0,1,1702,3.0,1,failure,measurement,ai,e31586cc9e7012b7d16bb52dce9fad3061f3aa82,realized rectangle boundary vertices must remain strictly ordered,,,907194368,,,,,,,,,,,,,,,,,,,,
49,4,4,256,directed_iterative,float32,cuda,0,1,1703,3.0,1,failure,measurement,ai,e31586cc9e7012b7d16bb52dce9fad3061f3aa82,realized rectangle boundary vertices must remain strictly ordered,,,904122368,,,,,,,,,,,,,,,,,,,,
17,1,1,256,symmetric,float32,cuda,0,1,1701,3.0,1,ok,complete,ai,e31586cc9e7012b7d16bb52dce9fad3061f3aa82,,14009856,25165824,1139593216,1.924995280655495,True,0.3458661660552025,0.16594156250357628,0.5194817930459976,9.664635154144968e-06,0,2.4897843786675354e-09,True,unspecified,0,80,9.659422175900545e-06,unspecified,0,88,6.90782280798885e-06,,1,1
17,1,1,256,symmetric,float32,cuda,0,1,1702,3.0,1,ok,complete,ai,e31586cc9e7012b7d16bb52dce9fad3061f3aa82,,14009856,25165824,1101328384,2.051270934547012,True,0.3310530036687851,0.14864343777298927,0.48750264197587967,1.001455451283521e-05,0,7.480818367544556e-09,True,unspecified,0,83,9.983021300286055e-06,unspecified,0,86,7.342733169934945e-06,,1,1
17,1,1,256,symmetric,float32,cuda,0,1,1703,3.0,1,ok,complete,ai,e31586cc9e7012b7d16bb52dce9fad3061f3aa82,,14009856,25165824,1147625472,1.904118816188073,True,0.3542315736413002,0.16375210136175156,0.5251773111522198,9.869201689535575e-06,0,1.4564631484976276e-10,True,unspecified,0,91,9.870550456980709e-06,unspecified,0,93,7.325580554606859e-06,,1,1
17,1,4,256,symmetric,float32,cuda,0,1,1701,3.0,1,ok,complete,ai,e31586cc9e7012b7d16bb52dce9fad3061f3aa82,,27680256,33554432,1156431872,0.946439528993173,True,0.6856771036982536,0.363608006387949,1.0565915405750275,9.92449165897121e-06,0,1.4564631484976276e-10,True,unspecified,0,91,9.927947758114897e-06,unspecified,0,103,9.69671873463085e-06,,4,4
17,1,4,256,symmetric,float32,cuda,0,1,1702,3.0,1,ok,complete,ai,e31586cc9e7012b7d16bb52dce9fad3061f3aa82,,27680256,33554432,1140305920,0.9482831379467488,True,0.6816362254321575,0.3656981810927391,1.0545373633503914,9.883618899829301e-06,0,8.131495476959565e-10,True,unspecified,0,89,9.897545169224031e-06,unspecified,0,93,9.920379852701444e-06,,4,4
17,1,4,256,symmetric,float32,cuda,0,1,1703,3.0,1,ok,complete,ai,e31586cc9e7012b7d16bb52dce9fad3061f3aa82,,27680256,33554432,1143271424,0.9798689910795625,True,0.6804277189075947,0.3328166604042053,1.0205445922911167,9.952977667603215e-06,0,1.4564631484976276e-10,True,unspecified,0,91,9.929872248903848e-06,unspecified,0,104,9.997499546443578e-06,,4,4
17,4,1,256,symmetric,float32,cuda,0,1,1701,3.0,1,ok,complete,ai,e31586cc9e7012b7d16bb52dce9fad3061f3aa82,,20351488,23068672,1100042240,6.15052660536726,True,0.4798251539468765,0.16315404325723648,0.6503508165478706,9.40210626933122e-06,0,2.4978419332910566e-09,True,unspecified,0,89,9.4028528110357e-06,unspecified,0,88,8.17718046164373e-06,,4,4
17,4,1,256,symmetric,float32,cuda,0,1,1702,3.0,1,ok,complete,ai,e31586cc9e7012b7d16bb52dce9fad3061f3aa82,,20351488,23068672,1098973184,6.230987973535842,True,0.47502724453806877,0.15951572358608246,0.6419527716934681,9.866866744528241e-06,0,2.0264678823878048e-11,True,unspecified,0,87,9.882875019684434e-06,unspecified,0,92,7.649964572919998e-06,,4,4
17,4,1,256,symmetric,float32,cuda,0,1,1703,3.0,1,ok,complete,ai,e31586cc9e7012b7d16bb52dce9fad3061f3aa82,,20351488,23068672,1099087872,6.244895934261749,True,0.4811348244547844,0.15184230729937553,0.6405230835080147,9.817572923164474e-06,0,4.553157850750718e-11,True,unspecified,0,90,9.79019660007907e-06,unspecified,0,93,8.410852387896739e-06,,4,4
17,4,4,256,symmetric,float32,cuda,0,1,1701,3.0,1,failure,measurement,ai,e31586cc9e7012b7d16bb52dce9fad3061f3aa82,realized rectangle boundary vertices must remain strictly ordered,,,1025658880,,,,,,,,,,,,,,,,,,,,
17,4,4,256,symmetric,float32,cuda,0,1,1702,3.0,1,ok,complete,ai,e31586cc9e7012b7d16bb52dce9fad3061f3aa82,,105774592,113246208,1136439296,2.3650796510045815,True,1.3230997286736965,0.3606679178774357,1.6912749633193016,9.919390246134752e-06,0,1.7564616427989677e-11,True,unspecified,0,91,9.915508599078748e-06,unspecified,0,102,9.943078111973591e-06,,16,16
17,4,4,256,symmetric,float32,cuda,0,1,1703,3.0,1,failure,measurement,ai,e31586cc9e7012b7d16bb52dce9fad3061f3aa82,realized rectangle boundary vertices must remain strictly ordered,,,1024724992,,,,,,,,,,,,,,,,,,,,
25,1,1,256,symmetric,float32,cuda,0,1,1701,3.0,1,ok,complete,ai,e31586cc9e7012b7d16bb52dce9fad3061f3aa82,,14071808,25165824,1113083904,1.4734401225547047,True,0.45144736766815186,0.21963747218251228,0.678683839738369,9.990223166639254e-06,0,1.4690755278934392e-08,True,unspecified,0,155,9.977506124414504e-06,unspecified,0,172,9.758834494277835e-06,,1,1
25,1,1,256,symmetric,float32,cuda,0,1,1702,3.0,1,ok,complete,ai,e31586cc9e7012b7d16bb52dce9fad3061f3aa82,,14071808,25165824,1124462592,1.5098516676679457,True,0.44931575655937195,0.2056775689125061,0.6623167172074318,9.535222781202888e-06,0,1.2192852283376965e-09,True,unspecified,0,154,9.53426570049487e-06,unspecified,0,164,8.62064007378649e-06,,1,1
25,1,1,256,symmetric,float32,cuda,0,1,1703,3.0,1,ok,complete,ai,e31586cc9e7012b7d16bb52dce9fad3061f3aa82,,14071808,25165824,1106157568,1.5312152764434257,True,0.43264349177479744,0.21301358938217163,0.653076034039259,9.961455712660962e-06,0,3.2964855845030106e-09,True,unspecified,0,140,9.970093742595054e-06,unspecified,0,163,7.497014848922845e-06,,1,1
25,1,4,256,symmetric,float32,cuda,0,1,1701,3.0,1,ok,complete,ai,e31586cc9e7012b7d16bb52dce9fad3061f3aa82,,27917824,33554432,1153921024,0.5727372171067324,True,1.1228970065712929,0.6155352853238583,1.7460014298558235,9.866429115842134e-06,0,7.836575832698163e-11,True,unspecified,0,156,9.87175098998705e-06,unspecified,0,192,8.49868683872046e-06,,4,4
25,1,4,256,symmetric,float32,cuda,0,1,1702,3.0,1,ok,complete,ai,e31586cc9e7012b7d16bb52dce9fad3061f3aa82,,27917824,33554432,1139113984,0.5723777998714952,True,1.1307834573090076,0.6087044328451157,1.747097808867693,9.929480511631562e-06,0,1.2193085430212144e-09,True,unspecified,0,156,9.91540127870394e-06,unspecified,0,189,8.967272151494399e-06,,4,4
25,1,4,256,symmetric,float32,cuda,0,1,1703,3.0,1,ok,complete,ai,e31586cc9e7012b7d16bb52dce9fad3061f3aa82,,27917824,33554432,1160646656,0.5770521371691025,True,1.114552054554224,0.6109054461121559,1.732945665717125,9.983310280005496e-06,0,7.841194360480595e-11,True,unspecified,0,150,9.98013092612382e-06,unspecified,0,181,9.89746786217438e-06,,4,4
25,4,1,256,symmetric,float32,cuda,0,1,1701,3.0,1,ok,complete,ai,e31586cc9e7012b7d16bb52dce9fad3061f3aa82,,20471808,23068672,1102454784,3.8479203571072165,True,0.8046529293060303,0.22744915261864662,1.0395225547254086,9.987557241051058e-06,0,1.295462626060838e-09,True,unspecified,0,156,9.97695497062523e-06,unspecified,0,172,9.960613169823773e-06,,4,4
25,4,1,256,symmetric,float32,cuda,0,1,1702,3.0,1,ok,complete,ai,e31586cc9e7012b7d16bb52dce9fad3061f3aa82,,20471808,23068672,1100943360,4.133794532927999,True,0.7816161438822746,0.17856349423527718,0.9676339663565159,9.962283454906882e-06,0,5.293508409387462e-10,True,unspecified,0,154,9.96210928860819e-06,unspecified,0,170,9.917052921082359e-06,,4,4
25,4,1,256,symmetric,float32,cuda,0,1,1703,3.0,1,ok,complete,ai,e31586cc9e7012b7d16bb52dce9fad3061f3aa82,,20471808,23068672,1102024704,3.8339799177691365,True,0.8198794350028038,0.2160262018442154,1.043302282691002,9.97576962839943e-06,0,2.058980541619354e-09,True,unspecified,0,154,9.98105952021433e-06,unspecified,0,162,9.87347539194161e-06,,4,4
25,4,4,256,symmetric,float32,cuda,0,1,1701,3.0,1,ok,complete,ai,e31586cc9e7012b7d16bb52dce9fad3061f3aa82,,106212864,115343360,1137676288,1.2861575419715212,True,2.5100563913583755,0.5923495255410671,3.110038910061121,9.980127877733789e-06,0,5.057287921772515e-11,True,unspecified,0,156,9.982848496292718e-06,unspecified,0,192,9.93615230981959e-06,,16,16
25,4,4,256,symmetric,float32,cuda,0,1,1702,3.0,1,ok,complete,ai,e31586cc9e7012b7d16bb52dce9fad3061f3aa82,,106212864,115343360,1137426432,1.1799567701427236,True,2.522939071059227,0.8593068160116673,3.389954701066017,1.0003292009352556e-05,0,1.9199575262973677e-10,True,unspecified,0,159,9.984174539567903e-06,unspecified,0,189,9.977805348171387e-06,,16,16
25,4,4,256,symmetric,float32,cuda,0,1,1703,3.0,1,ok,complete,ai,e31586cc9e7012b7d16bb52dce9fad3061f3aa82,,106212864,115343360,1137623040,1.2811348446755857,True,2.480609931051731,0.6340443789958954,3.122231837362051,9.991366706896399e-06,0,5.057287921772515e-11,True,unspecified,0,155,9.996376320486888e-06,unspecified,0,182,9.934788067766931e-06,,16,16
49,1,1,256,symmetric,float32,cuda,0,1,1701,3.0,1,failure,measurement,ai,e31586cc9e7012b7d16bb52dce9fad3061f3aa82,"matrix-free symmetric CG did not converge: iterations=1000, max_relative_residual=1.677e-05",,,1134370816,,,,,,,,,,,,,,,,,,,,
49,1,1,256,symmetric,float32,cuda,0,1,1702,3.0,1,failure,measurement,ai,e31586cc9e7012b7d16bb52dce9fad3061f3aa82,"matrix-free symmetric CG did not converge: iterations=1000, max_relative_residual=1.837e-05",,,1109139456,,,,,,,,,,,,,,,,,,,,
49,1,1,256,symmetric,float32,cuda,0,1,1703,3.0,1,failure,measurement,ai,e31586cc9e7012b7d16bb52dce9fad3061f3aa82,"matrix-free symmetric CG did not converge: iterations=1000, max_relative_residual=1.908e-05",,,1106362368,,,,,,,,,,,,,,,,,,,,
49,1,4,256,symmetric,float32,cuda,0,1,1701,3.0,1,failure,measurement,ai,e31586cc9e7012b7d16bb52dce9fad3061f3aa82,realized rectangle boundary vertices must remain strictly ordered,,,1075847168,,,,,,,,,,,,,,,,,,,,
49,1,4,256,symmetric,float32,cuda,0,1,1702,3.0,1,ok,complete,ai,e31586cc9e7012b7d16bb52dce9fad3061f3aa82,,29152768,35651584,1169960960,0.2042097780896693,True,3.236428987234831,1.6525838002562523,4.896925158798695,9.980765839447886e-06,0,5.523861923428807e-11,True,unspecified,0,394,9.97949973680079e-06,unspecified,0,562,9.496229722572025e-06,,4,4
49,1,4,256,symmetric,float32,cuda,0,1,1703,3.0,1,failure,measurement,ai,e31586cc9e7012b7d16bb52dce9fad3061f3aa82,realized rectangle boundary vertices must remain strictly ordered,,,1064144896,,,,,,,,,,,,,,,,,,,,
49,4,1,256,symmetric,float32,cuda,0,1,1701,3.0,1,failure,measurement,ai,e31586cc9e7012b7d16bb52dce9fad3061f3aa82,realized rectangle boundary vertices must remain strictly ordered,,,890228736,,,,,,,,,,,,,,,,,,,,
49,4,1,256,symmetric,float32,cuda,0,1,1702,3.0,1,failure,measurement,ai,e31586cc9e7012b7d16bb52dce9fad3061f3aa82,realized rectangle boundary vertices must remain strictly ordered,,,890179584,,,,,,,,,,,,,,,,,,,,
49,4,1,256,symmetric,float32,cuda,0,1,1703,3.0,1,failure,measurement,ai,e31586cc9e7012b7d16bb52dce9fad3061f3aa82,realized rectangle boundary vertices must remain strictly ordered,,,890478592,,,,,,,,,,,,,,,,,,,,
49,4,4,256,symmetric,float32,cuda,0,1,1701,3.0,1,failure,measurement,ai,e31586cc9e7012b7d16bb52dce9fad3061f3aa82,realized rectangle boundary vertices must remain strictly ordered,,,907497472,,,,,,,,,,,,,,,,,,,,
49,4,4,256,symmetric,float32,cuda,0,1,1702,3.0,1,failure,measurement,ai,e31586cc9e7012b7d16bb52dce9fad3061f3aa82,realized rectangle boundary vertices must remain strictly ordered,,,904658944,,,,,,,,,,,,,,,,,,,,
49,4,4,256,symmetric,float32,cuda,0,1,1703,3.0,1,failure,measurement,ai,e31586cc9e7012b7d16bb52dce9fad3061f3aa82,realized rectangle boundary vertices must remain strictly ordered,,,906014720,,,,,,,,,,,,,,,,,,,,
