control,batch,layers,image_resolution,backend,dtype,device,warmup,repeats,seed,strength,threads,status,stage,host,commit,error,gpu_peak_allocated_bytes,gpu_peak_reserved_bytes,process_lifetime_hwm_bytes,throughput_samples_per_second,gradients_finite,mean_forward_seconds,mean_backward_seconds,mean_end_to_end_seconds,true_primal_relative_residual_max,flip_count_sum,minimum_signed_area,all_layer_sample_topology_certified,forward_methods,fallback_forward_layers,max_forward_iterations,max_forward_reported_relative_residual,adjoint_methods,fallback_adjoint_layers,max_adjoint_iterations,max_adjoint_reported_relative_residual,primary_failures,measured_primal_systems,measured_adjoint_systems,run_index,git_dirty,physical_gpu
11,1,1,256,symmetric,float32,cuda,1,2,1701,0.15,1,ok,complete,ai,e688abc31fe5cde13a686d6f10b81a1232a8e878,,10835968,25165824,1104273408,12.453811508901026,True,0.06221378408372402,0.01799999363720417,0.08029670268297195,4.436670863428511e-06,0,0.0035075854345016904,True,unspecified,0,22,4.438112682692008e-06,unspecified,0,21,5.814424184791278e-06,,2,2,1,False,6
11,1,1,512,symmetric,float32,cuda,1,2,1701,0.15,1,ok,complete,ai,e688abc31fe5cde13a686d6f10b81a1232a8e878,,43236352,65011712,1146347520,14.635290473098243,True,0.0408379677683115,0.02741617150604725,0.06832799129188061,4.4431748325549475e-06,0,0.0035075854345016904,True,unspecified,0,22,4.443055331648793e-06,unspecified,0,21,6.198754817887675e-06,,2,2,2,False,6
11,1,2,256,symmetric,float32,cuda,1,2,1701,0.15,1,ok,complete,ai,e688abc31fe5cde13a686d6f10b81a1232a8e878,,18476544,31457280,1135017984,7.008434296350123,True,0.08258231356739998,0.060045402497053146,0.14268522150814533,4.473772403464482e-06,0,0.0034448982668533463,True,unspecified,0,22,4.4581256588571705e-06,unspecified,0,21,6.218788712430978e-06,,4,4,3,False,6
11,1,2,512,symmetric,float32,cuda,1,2,1701,0.15,1,ok,complete,ai,e688abc31fe5cde13a686d6f10b81a1232a8e878,,74771968,92274688,1187102720,7.203744346636177,True,0.08218889869749546,0.056565895676612854,0.13881669752299786,4.480881204077542e-06,0,0.0034448985148953777,True,unspecified,0,22,4.4627154238696676e-06,unspecified,0,21,6.4263590502378065e-06,,4,4,4,False,6
11,1,4,256,symmetric,float32,cuda,1,2,1701,0.15,1,ok,complete,ai,e688abc31fe5cde13a686d6f10b81a1232a8e878,,27581952,33554432,1141149696,4.319102197208276,True,0.15864618867635727,0.07282228954136372,0.23152959905564785,9.38124107867881e-06,0,0.0033333902718872825,True,unspecified,0,22,9.400834642292466e-06,unspecified,0,21,7.191920758486958e-06,,8,8,5,False,6
11,1,4,512,symmetric,float32,cuda,1,2,1701,0.15,1,ok,complete,ai,e688abc31fe5cde13a686d6f10b81a1232a8e878,,112057856,134217728,1181847552,4.224227703008979,True,0.15832188725471497,0.0783502422273159,0.23672966286540031,9.346398121564605e-06,0,0.0033333902718872825,True,unspecified,0,22,9.378607501275837e-06,unspecified,0,21,7.284791990969097e-06,,8,8,6,False,6
11,4,1,256,symmetric,float32,cuda,1,2,1701,0.15,1,ok,complete,ai,e688abc31fe5cde13a686d6f10b81a1232a8e878,,20294144,23068672,1100279808,32.55393660661123,True,0.0923814456909895,0.030432453379034996,0.12287300452589989,4.902353658725681e-06,0,0.0034772348794298562,True,unspecified,0,22,4.917922069580527e-06,unspecified,0,21,6.555961590493098e-06,,8,8,7,False,6
11,4,1,512,symmetric,float32,cuda,1,2,1701,0.15,1,ok,complete,ai,e688abc31fe5cde13a686d6f10b81a1232a8e878,,81006080,102760448,1108852736,32.36689809489022,True,0.09683544933795929,0.026674877852201462,0.12358305044472218,4.894354770252439e-06,0,0.0034772348794298562,True,unspecified,0,22,4.919925231661182e-06,unspecified,0,21,6.642549578828039e-06,,8,8,8,False,6
11,4,2,256,symmetric,float32,cuda,1,2,1701,0.15,1,ok,complete,ai,e688abc31fe5cde13a686d6f10b81a1232a8e878,,66677248,92274688,1128804352,17.921199231860257,True,0.18684333562850952,0.0362958125770092,0.22319934889674187,4.8868282448569855e-06,0,0.0034151595155456067,True,unspecified,0,22,4.886048373009544e-06,unspecified,0,21,7.327766070375219e-06,,16,16,9,False,6
11,4,2,512,symmetric,float32,cuda,1,2,1701,0.15,1,ok,complete,ai,e688abc31fe5cde13a686d6f10b81a1232a8e878,,266430976,339738624,1155305472,14.9939782956619,True,0.2031922210007906,0.06350894644856453,0.26677376218140125,4.889424445422778e-06,0,0.0034151600116296694,True,unspecified,0,22,4.9019799917005e-06,unspecified,0,21,6.999733614065917e-06,,16,16,10,False,6
11,4,4,256,symmetric,float32,cuda,1,2,1701,0.15,1,ok,complete,ai,e688abc31fe5cde13a686d6f10b81a1232a8e878,,105567744,113246208,1134587904,8.788216512431166,True,0.37788153626024723,0.07721291854977608,0.4551549218595028,9.389163036346767e-06,0,0.0027442400719994726,True,unspecified,0,22,9.388092621520627e-06,unspecified,0,21,7.325270871660905e-06,,32,32,11,False,6
11,4,4,512,symmetric,float32,cuda,1,2,1701,0.15,1,ok,complete,ai,e688abc31fe5cde13a686d6f10b81a1232a8e878,,411227648,488636416,1180147712,8.704472427251883,True,0.3714466392993927,0.08801982551813126,0.4595338813960552,9.392484159640958e-06,0,0.0027442405228828032,True,unspecified,0,22,9.39561414270429e-06,unspecified,0,21,7.088581241987413e-06,,32,32,12,False,6
11,8,1,256,symmetric,float32,cuda,1,2,1701,0.15,1,ok,complete,ai,e688abc31fe5cde13a686d6f10b81a1232a8e878,,29759488,35651584,1100386304,39.21463468806182,True,0.1720466259866953,0.031894948333501816,0.20400547049939632,9.34307402862791e-06,0,0.0034072400632738672,True,unspecified,0,22,9.345924809167627e-06,unspecified,0,21,6.498872608062811e-06,,16,16,13,False,6
11,8,1,512,symmetric,float32,cuda,1,2,1701,0.15,1,ok,complete,ai,e688abc31fe5cde13a686d6f10b81a1232a8e878,,114588672,174063616,1109417984,40.40321621833383,True,0.17107306979596615,0.02682693675160408,0.19800403900444508,9.41165477737721e-06,0,0.003407239786419994,True,unspecified,0,22,9.419430170964915e-06,unspecified,0,21,6.736241175531177e-06,,16,16,14,False,6
11,8,2,256,symmetric,float32,cuda,1,2,1701,0.15,1,ok,complete,ai,e688abc31fe5cde13a686d6f10b81a1232a8e878,,131474944,169869312,1128361984,19.240017189551974,True,0.3554490227252245,0.06028883345425129,0.41580004431307316,9.457024977317438e-06,0,0.0029179669962005046,True,unspecified,0,22,9.476207196712494e-06,unspecified,0,21,7.266248303494649e-06,,32,32,15,False,6
11,8,2,512,symmetric,float32,cuda,1,2,1701,0.15,1,ok,complete,ai,e688abc31fe5cde13a686d6f10b81a1232a8e878,,524428800,744488960,1154469888,19.917527157152207,True,0.3554754815995693,0.046075211837887764,0.401656286790967,9.432556605430778e-06,0,0.0029179669962005046,True,unspecified,0,22,9.450050129089504e-06,unspecified,0,21,7.107320470822742e-06,,32,32,16,False,6
11,8,4,256,symmetric,float32,cuda,1,2,1701,0.15,1,ok,complete,ai,e688abc31fe5cde13a686d6f10b81a1232a8e878,,203968000,251658240,1136427008,10.332075472751141,True,0.6942818071693182,0.07993525639176369,0.7742878012359142,9.901657890910908e-06,0,0.0027442398465578072,True,unspecified,0,22,9.880313882604241e-06,unspecified,0,21,7.206769623735454e-06,,64,64,17,False,6
11,8,4,512,symmetric,float32,cuda,1,2,1701,0.15,1,ok,complete,ai,e688abc31fe5cde13a686d6f10b81a1232a8e878,,813977088,1096810496,1180893184,10.156334360660091,True,0.6915727946907282,0.09600652940571308,0.7876857649534941,9.880278737178197e-06,0,0.0027442400719994726,True,unspecified,0,22,9.86371287581278e-06,unspecified,0,21,7.203947006928502e-06,,64,64,18,False,6
17,1,1,256,symmetric,float32,cuda,1,2,1701,0.15,1,ok,complete,ai,e688abc31fe5cde13a686d6f10b81a1232a8e878,,14009856,25165824,1104781312,8.115287157361843,True,0.08574006520211697,0.03741997480392456,0.12322422862052917,6.9972629300907536e-06,0,0.0014769654099300311,True,unspecified,0,35,6.992234830249799e-06,unspecified,0,35,6.928192306077108e-06,,2,2,19,False,6
17,1,1,512,symmetric,float32,cuda,1,2,1701,0.15,1,ok,complete,ai,e688abc31fe5cde13a686d6f10b81a1232a8e878,,55847424,65011712,1117216768,8.075882570756628,True,0.07788057439029217,0.045881129801273346,0.12382547557353973,7.0284498735077e-06,0,0.0014769654099300311,True,unspecified,0,35,7.023169473541202e-06,unspecified,0,35,6.8578319769585505e-06,,2,2,20,False,6
17,1,2,256,symmetric,float32,cuda,1,2,1701,0.15,1,ok,complete,ai,e688abc31fe5cde13a686d6f10b81a1232a8e878,,18525696,31457280,1133318144,4.547179441142966,True,0.15732994116842747,0.06252841278910637,0.2199165467172861,9.004699884077002e-06,0,0.001186209426524698,True,unspecified,0,35,8.998543307825457e-06,unspecified,0,35,7.281083526322618e-06,,4,4,21,False,6
17,1,2,512,symmetric,float32,cuda,1,2,1701,0.15,1,ok,complete,ai,e688abc31fe5cde13a686d6f10b81a1232a8e878,,74821120,92274688,1194467328,4.586117987006599,True,0.15892601013183594,0.059065110981464386,0.2180493399500847,9.030548127026213e-06,0,0.001186209426524698,True,unspecified,0,35,9.025417966768146e-06,unspecified,0,35,7.370974799414398e-06,,4,4,22,False,6
17,1,4,256,symmetric,float32,cuda,1,2,1701,0.15,1,ok,complete,ai,e688abc31fe5cde13a686d6f10b81a1232a8e878,,27680256,33554432,1176752128,2.184826528234461,True,0.3172404207289219,0.1403998602181673,0.45770224183797836,8.996711399092494e-06,0,0.001186209426524698,True,unspecified,0,35,8.996599717647769e-06,unspecified,0,35,7.4423965088499244e-06,,8,8,23,False,6
17,1,4,512,symmetric,float32,cuda,1,2,1701,0.15,1,ok,complete,ai,e688abc31fe5cde13a686d6f10b81a1232a8e878,,112156160,134217728,1186402304,2.3101923925661993,True,0.3165426626801491,0.11626164242625237,0.4328643810003996,8.973666564579415e-06,0,0.001186209426524698,True,unspecified,0,35,8.968571819423232e-06,unspecified,0,35,7.374497272394365e-06,,8,8,24,False,6
17,4,1,256,symmetric,float32,cuda,1,2,1701,0.15,1,ok,complete,ai,e688abc31fe5cde13a686d6f10b81a1232a8e878,,20351488,23068672,1099796480,15.029518114357034,True,0.23065238259732723,0.0354187972843647,0.26614293083548546,8.393041100662527e-06,0,0.0011981918102570432,True,unspecified,0,35,8.385974069824442e-06,unspecified,0,35,9.598232281859964e-06,,8,8,25,False,6
17,4,1,512,symmetric,float32,cuda,1,2,1701,0.15,1,ok,complete,ai,e688abc31fe5cde13a686d6f10b81a1232a8e878,,81063424,102760448,1110827008,14.494479515239899,True,0.23160453885793686,0.0442916676402092,0.27596713602542877,8.403045664654694e-06,0,0.0011981918102570432,True,unspecified,0,35,8.40490702103125e-06,unspecified,0,35,9.545507964503486e-06,,8,8,26,False,6
17,4,2,256,symmetric,float32,cuda,1,2,1701,0.15,1,ok,complete,ai,e688abc31fe5cde13a686d6f10b81a1232a8e878,,66780672,92274688,1129693184,7.697908029978245,True,0.4574935846030712,0.06206381320953369,0.5196216925978661,8.907387760872825e-06,0,0.000988245257323328,True,unspecified,0,35,8.90842784428969e-06,unspecified,0,35,9.527249858365394e-06,,16,16,27,False,6
17,4,2,512,symmetric,float32,cuda,1,2,1701,0.15,1,ok,complete,ai,e688abc31fe5cde13a686d6f10b81a1232a8e878,,266534400,339738624,1154838528,7.2766479127300885,True,0.46431565284729004,0.08531745336949825,0.549703661352396,8.908627870001747e-06,0,0.000988245257323328,True,unspecified,0,35,8.912003977457061e-06,unspecified,0,35,9.506376954959705e-06,,16,16,28,False,6
17,4,4,256,symmetric,float32,cuda,1,2,1701,0.15,1,ok,complete,ai,e688abc31fe5cde13a686d6f10b81a1232a8e878,,105774592,113246208,1135591424,3.8900831473699418,True,0.9115012306720018,0.11668959073722363,1.02825565636158,8.878236388924349e-06,0,0.000988245257323328,True,unspecified,0,35,8.88499926077202e-06,unspecified,0,35,9.45833289733855e-06,,32,32,29,False,6
17,4,4,512,symmetric,float32,cuda,1,2,1701,0.15,1,ok,complete,ai,e688abc31fe5cde13a686d6f10b81a1232a8e878,,411434496,488636416,1182425088,3.811737756359709,True,0.9283420667052269,0.1209828220307827,1.049390135332942,8.89120691047871e-06,0,0.000988245257323328,True,unspecified,0,35,8.887935109669343e-06,unspecified,0,35,9.7446582003613e-06,,32,32,30,False,6
17,8,1,256,symmetric,float32,cuda,1,2,1701,0.15,1,ok,complete,ai,e688abc31fe5cde13a686d6f10b81a1232a8e878,,29854720,35651584,1100636160,17.165809424795764,True,0.4242111388593912,0.04175618477165699,0.4660426899790764,8.392420092714803e-06,0,0.0011981918102570432,True,unspecified,0,35,8.393656571570318e-06,unspecified,0,35,9.851794857240748e-06,,16,16,31,False,6
17,8,1,512,symmetric,float32,cuda,1,2,1701,0.15,1,ok,complete,ai,e688abc31fe5cde13a686d6f10b81a1232a8e878,,114683904,174063616,1111154688,16.543306633285937,True,0.4342463854700327,0.049227215349674225,0.4835792612284422,8.409807453979227e-06,0,0.0011981891924115473,True,unspecified,0,35,8.408786015934311e-06,unspecified,0,35,9.824296284932643e-06,,16,16,32,False,6
17,8,2,256,symmetric,float32,cuda,1,2,1701,0.15,1,ok,complete,ai,e688abc31fe5cde13a686d6f10b81a1232a8e878,,131643904,171966464,1128751104,8.58042876399381,True,0.8700740337371826,0.062210438773036,0.9323543403297663,8.892626204239357e-06,0,0.000988245257323328,True,unspecified,0,35,8.88795966602629e-06,unspecified,0,35,9.852727089310065e-06,,32,32,33,False,6
17,8,2,512,symmetric,float32,cuda,1,2,1701,0.15,1,ok,complete,ai,e688abc31fe5cde13a686d6f10b81a1232a8e878,,524597760,744488960,1155235840,8.42716253193242,True,0.8701157160103321,0.07908997125923634,0.949311226606369,8.899229214994145e-06,0,0.000988245257323328,True,unspecified,0,35,8.884720955393277e-06,unspecified,0,35,9.830858289205935e-06,,32,32,34,False,6
17,8,4,256,symmetric,float32,cuda,1,2,1701,0.15,1,ok,complete,ai,e688abc31fe5cde13a686d6f10b81a1232a8e878,,204305920,251658240,1136996352,4.362296086179598,True,1.6839053332805634,0.14992838352918625,1.8338966090232134,8.88126846889661e-06,0,0.000988245257323328,True,unspecified,0,35,8.868161785358097e-06,unspecified,0,35,9.8172977232025e-06,,64,64,35,False,6
17,8,4,512,symmetric,float32,cuda,1,2,1701,0.15,1,ok,complete,ai,e688abc31fe5cde13a686d6f10b81a1232a8e878,,814315008,1096810496,1181847552,4.178543488822638,True,1.7253999132663012,0.1890371460467577,1.9145427159965038,8.88271898153745e-06,0,0.000988245257323328,True,unspecified,0,35,8.875535968400072e-06,unspecified,0,35,9.899800716084428e-06,,64,64,36,False,6
25,1,1,256,symmetric,float32,cuda,1,2,1701,0.15,1,ok,complete,ai,e688abc31fe5cde13a686d6f10b81a1232a8e878,,14071808,25165824,1103220736,4.864477387059476,True,0.16097425296902657,0.04453453607857227,0.20557192899286747,9.850904839557832e-06,0,0.0006598745378436654,True,unspecified,0,60,9.842098734225146e-06,unspecified,0,59,5.838312972628046e-06,,2,2,37,False,6
25,1,1,512,symmetric,float32,cuda,1,2,1701,0.15,1,ok,complete,ai,e688abc31fe5cde13a686d6f10b81a1232a8e878,,55909376,65011712,1115725824,4.813266018908867,True,0.16020543687045574,0.04749296419322491,0.20775913819670677,9.830538307870009e-06,0,0.0006598744725226945,True,unspecified,0,60,9.838152436714154e-06,unspecified,0,59,5.86657051826478e-06,,2,2,38,False,6
25,1,2,256,symmetric,float32,cuda,1,2,1701,0.15,1,ok,complete,ai,e688abc31fe5cde13a686d6f10b81a1232a8e878,,18644480,31457280,1147043840,2.0876225331963676,True,0.38639039173722267,0.09254730679094791,0.47901379875838757,9.847929215882602e-06,0,0.0005389019694815875,True,unspecified,0,60,9.856729775492568e-06,unspecified,0,59,6.295748789852951e-06,,4,4,39,False,6
25,1,2,512,symmetric,float32,cuda,1,2,1701,0.15,1,ok,complete,ai,e688abc31fe5cde13a686d6f10b81a1232a8e878,,74939904,92274688,1159081984,2.3764602089732154,True,0.32908876799046993,0.09163814410567284,0.42079391703009605,9.88839909242283e-06,0,0.0005389019149706362,True,unspecified,0,60,9.889963621390052e-06,unspecified,0,59,6.4225541791529395e-06,,4,4,40,False,6
25,1,4,256,symmetric,float32,cuda,1,2,1701,0.15,1,ok,complete,ai,e688abc31fe5cde13a686d6f10b81a1232a8e878,,27917824,33554432,1162051584,1.2014572512391708,True,0.6510958448052406,0.18116014637053013,0.8323225807398558,9.829440516350306e-06,0,0.0005102499514890731,True,unspecified,0,60,9.83251266006846e-06,unspecified,0,59,6.283801212703111e-06,,8,8,41,False,6
25,1,4,512,symmetric,float32,cuda,1,2,1701,0.15,1,ok,complete,ai,e688abc31fe5cde13a686d6f10b81a1232a8e878,,112393728,134217728,1187995648,1.0375347697820991,True,0.7762427162379026,0.1875079870223999,0.9638231210410595,9.901221449974056e-06,0,0.0005102475855989227,True,unspecified,0,60,9.891861736832652e-06,unspecified,0,59,6.276189651543973e-06,,8,8,42,False,6
25,4,1,256,symmetric,float32,cuda,1,2,1701,0.15,1,ok,complete,ai,e688abc31fe5cde13a686d6f10b81a1232a8e878,,20471808,23068672,1102569472,6.436795749048371,True,0.5461040697991848,0.07522101327776909,0.6214272063225508,9.45750770710942e-06,0,0.000531417889853004,True,unspecified,0,60,9.458203749090899e-06,unspecified,0,59,6.676732482446823e-06,,8,8,43,False,6
25,4,1,512,symmetric,float32,cuda,1,2,1701,0.15,1,ok,complete,ai,e688abc31fe5cde13a686d6f10b81a1232a8e878,,81183744,102760448,1111666688,6.9489647285564695,True,0.5230906549841166,0.05244826897978783,0.5756253134459257,9.446977393210771e-06,0,0.000531417889853004,True,unspecified,0,60,9.449236131331418e-06,unspecified,0,59,6.857401331217261e-06,,8,8,44,False,6
25,4,2,256,symmetric,float32,cuda,1,2,1701,0.15,1,ok,complete,ai,e688abc31fe5cde13a686d6f10b81a1232a8e878,,66999808,92274688,1131208704,3.562193347142308,True,0.9987902902066708,0.12404737807810307,1.1229036748409271,9.641827461910995e-06,0,0.000531417889853004,True,unspecified,0,60,9.64419450610876e-06,unspecified,0,59,6.7704522734857164e-06,,16,16,45,False,6
25,4,2,512,symmetric,float32,cuda,1,2,1701,0.15,1,ok,complete,ai,e688abc31fe5cde13a686d6f10b81a1232a8e878,,266753536,339738624,1158684672,3.6059676322186585,True,0.9958258830010891,0.11337830126285553,1.1092722974717617,9.845347285762881e-06,0,0.0005314186647744643,True,unspecified,0,60,9.853100891632494e-06,unspecified,0,59,6.733111604262376e-06,,16,16,46,False,6
25,4,4,256,symmetric,float32,cuda,1,2,1701,0.15,1,ok,complete,ai,e688abc31fe5cde13a686d6f10b81a1232a8e878,,106212864,115343360,1139372032,1.6680475225207956,True,2.1399150639772415,0.2579939905554056,2.398013213649392,9.801585740072166e-06,0,0.0005102467969688725,True,unspecified,0,60,9.812412827159278e-06,unspecified,0,59,6.963712166907499e-06,,32,32,47,False,6
25,4,4,512,symmetric,float32,cuda,1,2,1701,0.15,1,ok,complete,ai,e688abc31fe5cde13a686d6f10b81a1232a8e878,,411872768,488636416,1183391744,1.8179091053441956,True,1.9859692174941301,0.2142831403762102,2.2003300320357084,9.885557107164818e-06,0,0.0005102452197087722,True,unspecified,0,60,9.885348845273256e-06,unspecified,0,59,6.8108374762232415e-06,,32,32,48,False,6
25,8,1,256,symmetric,float32,cuda,1,2,1701,0.15,1,ok,complete,ai,e688abc31fe5cde13a686d6f10b81a1232a8e878,,30056448,35651584,1102548992,7.8640513963743945,True,0.95476109161973,0.062457375228405,1.0172873493283987,9.838569643575313e-06,0,0.0005187713705012708,True,unspecified,0,60,9.827698704611976e-06,unspecified,0,59,6.802940333727747e-06,,16,16,49,False,6
25,8,1,512,symmetric,float32,cuda,1,2,1701,0.15,1,ok,complete,ai,e688abc31fe5cde13a686d6f10b81a1232a8e878,,114885632,174063616,1112043520,7.429450102598547,True,1.0132460948079824,0.06344426423311234,1.0767957102507353,9.730615897478691e-06,0,0.0005187738159211374,True,unspecified,0,60,9.734370905789547e-06,unspecified,0,59,6.780059266020544e-06,,16,16,50,False,6
25,8,2,256,symmetric,float32,cuda,1,2,1701,0.15,1,ok,complete,ai,e688abc31fe5cde13a686d6f10b81a1232a8e878,,132004352,171966464,1132363776,3.8745244109111088,True,1.9440283738076687,0.12067649699747562,2.0647695437073708,9.759347611880042e-06,0,0.0005187738159211374,True,unspecified,0,60,9.75920102064265e-06,unspecified,0,59,6.862612281111069e-06,,32,32,51,False,6
25,8,2,512,symmetric,float32,cuda,1,2,1701,0.15,1,ok,complete,ai,e688abc31fe5cde13a686d6f10b81a1232a8e878,,524958208,744488960,1158959104,4.0184340399025436,True,1.8917481396347284,0.09897122718393803,1.9908252619206905,9.791847257839516e-06,0,0.0005187730007811819,True,unspecified,0,60,9.793206118047237e-06,unspecified,0,59,6.8574395299947355e-06,,32,32,52,False,6
25,8,4,256,symmetric,float32,cuda,1,2,1701,0.15,1,ok,complete,ai,e688abc31fe5cde13a686d6f10b81a1232a8e878,,205026816,253755392,1139593216,1.8122262605588058,True,4.166928194463253,0.24746230617165565,4.414459813386202,9.858394525847024e-06,0,0.0005102475855989227,True,unspecified,0,60,9.864336789178196e-06,unspecified,0,59,6.993393071752507e-06,,64,64,53,False,6
25,8,4,512,symmetric,float32,cuda,1,2,1701,0.15,1,ok,complete,ai,e688abc31fe5cde13a686d6f10b81a1232a8e878,,815035904,1098907648,1183711232,1.897204312769168,True,3.9826149716973305,0.23400926776230335,4.216730874031782,9.860876176368773e-06,0,0.0005102452197087722,True,unspecified,0,60,9.869809218798764e-06,unspecified,0,59,6.946022494958015e-06,,64,64,54,False,6
33,1,1,256,symmetric,float32,cuda,1,2,1701,0.15,1,ok,complete,ai,e688abc31fe5cde13a686d6f10b81a1232a8e878,,14155776,25165824,1131474944,2.6694509618907447,True,0.2704405840486288,0.10409544967114925,0.3746088668704033,9.888322332393144e-06,0,0.00033893740287993523,True,unspecified,0,89,9.891868103295565e-06,unspecified,0,92,6.9309371610870585e-06,,2,2,55,False,6
33,1,1,512,symmetric,float32,cuda,1,2,1701,0.15,1,ok,complete,ai,e688abc31fe5cde13a686d6f10b81a1232a8e878,,55993344,65011712,1118818304,2.8772064737619845,True,0.2732691280543804,0.07421790435910225,0.34755934588611126,9.87813536576103e-06,0,0.00033893740287993523,True,unspecified,0,89,9.873679118754808e-06,unspecified,0,92,7.052376986393938e-06,,2,2,56,False,6
33,1,2,256,symmetric,float32,cuda,1,2,1701,0.15,1,ok,complete,ai,e688abc31fe5cde13a686d6f10b81a1232a8e878,,18804224,31457280,1137885184,1.2601342664712616,True,0.6532688457518816,0.14020809344947338,0.7935662306845188,9.860294785930568e-06,0,0.00030123689911532026,True,unspecified,0,89,9.861110811471008e-06,unspecified,0,92,7.540523711213609e-06,,4,4,57,False,6
33,1,2,512,symmetric,float32,cuda,1,2,1701,0.15,1,ok,complete,ai,e688abc31fe5cde13a686d6f10b81a1232a8e878,,75099648,92274688,1181159424,1.4756573287459316,True,0.5398761704564095,0.137722572311759,0.677664102986455,9.848537674371786e-06,0,0.00030123689911532026,True,unspecified,0,89,9.841961400525179e-06,unspecified,0,92,7.475505753973266e-06,,4,4,58,False,6
33,1,4,256,symmetric,float32,cuda,1,2,1701,0.15,1,ok,complete,ai,e688abc31fe5cde13a686d6f10b81a1232a8e878,,28237312,35651584,1153011712,0.7243898207086225,True,1.1010673884302378,0.27934365160763264,1.3804721869528294,9.883044331316184e-06,0,0.0002798358066042894,True,unspecified,0,89,9.882588528853375e-06,unspecified,0,93,7.5689081313612405e-06,,8,8,59,False,6
33,1,4,512,symmetric,float32,cuda,1,2,1701,0.15,1,ok,complete,ai,e688abc31fe5cde13a686d6f10b81a1232a8e878,,112713216,134217728,1189773312,0.6370624973433773,True,1.273553978651762,0.29605773836374283,1.56970470584929,9.892338524782179e-06,0,0.0002798358066042894,True,unspecified,0,89,9.893937203742098e-06,unspecified,0,93,7.382525382126914e-06,,8,8,60,False,6
33,4,1,256,symmetric,float32,cuda,1,2,1701,0.15,1,ok,complete,ai,e688abc31fe5cde13a686d6f10b81a1232a8e878,,20638720,23068672,1103499264,4.165677884653323,True,0.8671560138463974,0.09299640543758869,0.960227869451046,9.894531181368795e-06,0,0.00031278827056180347,True,unspecified,0,89,9.890551154967397e-06,unspecified,0,92,6.987176220718538e-06,,8,8,61,False,6
33,4,1,512,symmetric,float32,cuda,1,2,1701,0.15,1,ok,complete,ai,e688abc31fe5cde13a686d6f10b81a1232a8e878,,81350656,102760448,1115226112,4.112699589825425,True,0.8827745337039232,0.08973659947514534,0.972597174346447,9.806141341779224e-06,0,0.0003127901526855936,True,unspecified,0,90,9.809709808905609e-06,unspecified,0,92,6.950509032321861e-06,,8,8,62,False,6
33,4,2,256,symmetric,float32,cuda,1,2,1701,0.15,1,ok,complete,ai,e688abc31fe5cde13a686d6f10b81a1232a8e878,,67303936,92274688,1132806144,2.084444020113012,True,1.7404180467128754,0.1784933339804411,1.9189769364893436,9.873165407306855e-06,0,0.0003012201145323745,True,unspecified,0,90,9.870282156043686e-06,unspecified,0,92,7.5494781412999146e-06,,16,16,63,False,6
33,4,2,512,symmetric,float32,cuda,1,2,1701,0.15,1,ok,complete,ai,e688abc31fe5cde13a686d6f10b81a1232a8e878,,267057664,339738624,1160577024,2.0796839183315203,True,1.7418204192072153,0.18147319369018078,1.9233692027628422,9.889290311904072e-06,0,0.0003012201145323745,True,unspecified,0,90,9.88766441878397e-06,unspecified,0,92,7.455344075424364e-06,,16,16,64,False,6
33,4,4,256,symmetric,float32,cuda,1,2,1701,0.15,1,ok,complete,ai,e688abc31fe5cde13a686d6f10b81a1232a8e878,,106821120,115343360,1140727808,1.0269986957227673,True,3.5692233815789223,0.32554946653544903,3.8948442842811346,9.855884457097567e-06,0,0.0002798358066042894,True,unspecified,0,90,9.85650058282772e-06,unspecified,0,93,7.648872269783169e-06,,32,32,65,False,6
33,4,4,512,symmetric,float32,cuda,1,2,1701,0.15,1,ok,complete,ai,e688abc31fe5cde13a686d6f10b81a1232a8e878,,412481024,490733568,1184071680,1.059613137394795,True,3.457710472866893,0.31718223728239536,3.7749626338481903,9.878088633608747e-06,0,0.0002798358066042894,True,unspecified,0,90,9.874434908851981e-06,unspecified,0,93,7.867964995966759e-06,,32,32,66,False,6
33,8,1,256,symmetric,float32,cuda,1,2,1701,0.15,1,ok,complete,ai,e688abc31fe5cde13a686d6f10b81a1232a8e878,,30332928,37748736,1106259968,4.450618482445756,True,1.6884179692715406,0.10901310853660107,1.7975029833614826,9.889164262595862e-06,0,0.0003119096105876906,True,unspecified,0,90,9.883259735943284e-06,unspecified,0,92,7.038167950668139e-06,,16,16,67,False,6
33,8,1,512,symmetric,float32,cuda,1,2,1701,0.15,1,ok,complete,ai,e688abc31fe5cde13a686d6f10b81a1232a8e878,,115162112,174063616,1112772608,4.512144636921697,True,1.665979016572237,0.10690779611468315,1.7729928102344275,9.869189717132434e-06,0,0.0003119096105876906,True,unspecified,0,90,9.867946573649533e-06,unspecified,0,92,7.457595984305954e-06,,16,16,68,False,6
33,8,2,256,symmetric,float32,cuda,1,2,1701,0.15,1,ok,complete,ai,e688abc31fe5cde13a686d6f10b81a1232a8e878,,132497920,171966464,1133633536,2.250857090326013,True,3.3823275547474623,0.1717955246567726,3.5542016569525003,9.897674562500935e-06,0,0.0003012201338028486,True,unspecified,0,90,9.891285117191728e-06,unspecified,0,92,7.613378329551779e-06,,32,32,69,False,6
33,8,2,512,symmetric,float32,cuda,1,2,1701,0.15,1,ok,complete,ai,e688abc31fe5cde13a686d6f10b81a1232a8e878,,525451776,746586112,1161756672,2.214077272659486,True,3.4224504064768553,0.1906862072646618,3.613243358209729,9.881802365736885e-06,0,0.0003012201338028486,True,unspecified,0,90,9.888462955132127e-06,unspecified,0,92,7.685624950681813e-06,,32,32,70,False,6
33,8,4,256,symmetric,float32,cuda,1,2,1701,0.15,1,ok,complete,ai,e688abc31fe5cde13a686d6f10b81a1232a8e878,,206013952,253755392,1140776960,1.141740802670094,True,6.678892755880952,0.32787770964205265,7.0068442691117525,9.881122553456279e-06,0,0.0002798358066042894,True,unspecified,0,90,9.867727385426406e-06,unspecified,0,93,7.825210559531115e-06,,64,64,71,False,6
33,8,4,512,symmetric,float32,cuda,1,2,1701,0.15,1,ok,complete,ai,e688abc31fe5cde13a686d6f10b81a1232a8e878,,816023040,1098907648,1186537472,1.0826968507954091,True,7.041455777361989,0.34738452918827534,7.3889565616846085,9.894727374328773e-06,0,0.0002798358066042894,True,unspecified,0,90,9.887278793030418e-06,unspecified,0,93,7.829130481695756e-06,,64,64,72,False,6
49,1,1,256,symmetric,float32,cuda,1,2,1701,0.15,1,ok,complete,ai,e688abc31fe5cde13a686d6f10b81a1232a8e878,,14394880,25165824,1113718784,1.4702646161806072,True,0.554853243753314,0.12522216700017452,0.6801496744155884,9.464241942007786e-06,0,0.0001368982599880825,True,unspecified,0,143,9.476741979597136e-06,unspecified,0,161,8.966650966613088e-06,,2,2,73,False,6
49,1,1,512,symmetric,float32,cuda,1,2,1701,0.15,1,ok,complete,ai,e688abc31fe5cde13a686d6f10b81a1232a8e878,,56232448,65011712,1126531072,1.4790218787921274,True,0.5497185420244932,0.12632755748927593,0.6761225201189518,9.503842381753787e-06,0,0.00013689839668207197,True,unspecified,0,143,9.498892723058816e-06,unspecified,0,161,9.518607839709148e-06,,2,2,74,False,6
49,1,2,256,symmetric,float32,cuda,1,2,1701,0.15,1,ok,complete,ai,e688abc31fe5cde13a686d6f10b81a1232a8e878,,19261952,31457280,1139572736,0.7150380192555401,True,1.160247953608632,0.23821529932320118,1.3985270336270332,9.611157399293077e-06,0,0.0001368982599880825,True,unspecified,0,144,9.609220796846785e-06,unspecified,0,161,9.59142289502779e-06,,4,4,75,False,6
49,1,2,512,symmetric,float32,cuda,1,2,1701,0.15,1,ok,complete,ai,e688abc31fe5cde13a686d6f10b81a1232a8e878,,75557376,92274688,1203347456,0.7179610060817414,True,1.155542153865099,0.237217852845788,1.3928333036601543,9.596896899211332e-06,0,0.00013689829726826146,True,unspecified,0,144,9.59418230195297e-06,unspecified,0,160,9.844475243880879e-06,,4,4,76,False,6
49,1,4,256,symmetric,float32,cuda,1,2,1701,0.15,1,ok,complete,ai,e688abc31fe5cde13a686d6f10b81a1232a8e878,,29152768,35651584,1146568704,0.3646320971421344,True,2.2273390274494886,0.5150887332856655,2.742490328848362,9.868530252939895e-06,0,0.0001346179701773314,True,unspecified,0,144,9.863946615951136e-06,unspecified,0,160,9.797022357815877e-06,,8,8,77,False,6
49,1,4,512,symmetric,float32,cuda,1,2,1701,0.15,1,ok,complete,ai,e688abc31fe5cde13a686d6f10b81a1232a8e878,,113628672,136314880,1212510208,0.3681510551378728,True,2.2052257154136896,0.5109850596636534,2.7162763383239508,9.879794827644336e-06,0,0.00013461686184257409,True,unspecified,0,144,9.883003258437384e-06,unspecified,0,160,9.858174962573685e-06,,8,8,78,False,6
49,4,1,256,symmetric,float32,cuda,1,2,1701,0.15,1,ok,complete,ai,e688abc31fe5cde13a686d6f10b81a1232a8e878,,21114368,25165824,1109229568,1.9012804167098696,True,1.9333126693964005,0.17045527696609497,2.1038453690707684,9.79774330414463e-06,0,0.0001353997572834939,True,unspecified,0,144,9.798981409403495e-06,unspecified,0,160,9.846633474808186e-06,,8,8,79,False,6
49,4,1,512,symmetric,float32,cuda,1,2,1701,0.15,1,ok,complete,ai,e688abc31fe5cde13a686d6f10b81a1232a8e878,,81826304,104857600,1116188672,1.9211928184172387,True,1.929653225466609,0.15231427364051342,2.0820398461073637,9.858554987038029e-06,0,0.00013540095823216775,True,unspecified,0,144,9.854256859398447e-06,unspecified,0,161,9.874232091533486e-06,,8,8,80,False,6
49,4,2,256,symmetric,float32,cuda,1,2,1701,0.15,1,ok,complete,ai,e688abc31fe5cde13a686d6f10b81a1232a8e878,,68171264,94371840,1137946624,0.9880846882677198,True,3.7531246170401573,0.2950402647256851,4.04823599383235,9.854390848907475e-06,0,0.00013373080835776723,True,unspecified,0,144,9.84888265520567e-06,unspecified,0,160,9.767611118149944e-06,,16,16,81,False,6
49,4,2,512,symmetric,float32,cuda,1,2,1701,0.15,1,ok,complete,ai,e688abc31fe5cde13a686d6f10b81a1232a8e878,,267924992,341835776,1163620352,0.951395161053242,True,3.9474682211875916,0.2568083144724369,4.204351844266057,9.874114371103646e-06,0,0.00013373039127273406,True,unspecified,0,144,9.872127520793583e-06,unspecified,0,160,9.758587111718953e-06,,16,16,82,False,6
49,4,4,256,symmetric,float32,cuda,1,2,1701,0.15,1,ok,complete,ai,e688abc31fe5cde13a686d6f10b81a1232a8e878,,108555776,117440512,1147994112,0.49518159562380804,True,7.557993587106466,0.5197761319577694,8.077844643965364,9.900946025847791e-06,0,0.0001240811280966976,True,unspecified,0,144,9.893232345348224e-06,unspecified,0,161,9.835579476202838e-06,,32,32,83,False,6
49,4,4,512,symmetric,float32,cuda,1,2,1701,0.15,1,ok,complete,ai,e688abc31fe5cde13a686d6f10b81a1232a8e878,,414215680,492830720,1189969920,0.48937737798396974,True,7.651644077152014,0.521911982446909,8.173651214689016,9.870795388532668e-06,0,0.000124081139752263,True,unspecified,0,144,9.873057024378795e-06,unspecified,0,161,9.886470252240542e-06,,32,32,84,False,6
49,8,1,256,symmetric,float32,cuda,1,2,1701,0.15,1,ok,complete,ai,e688abc31fe5cde13a686d6f10b81a1232a8e878,,31120384,39845888,1108324352,2.0730208539777757,True,3.7050506062805653,0.1539721693843603,3.8591025192290545,9.820521059273322e-06,0,0.00011218366129384116,True,unspecified,0,144,9.816867532208562e-06,unspecified,0,161,9.897454219753854e-06,,16,16,85,False,6
49,8,1,512,symmetric,float32,cuda,1,2,1701,0.15,1,ok,complete,ai,e688abc31fe5cde13a686d6f10b81a1232a8e878,,115949568,178257920,1119780864,1.9904289686585228,True,3.8575401175767183,0.1615882571786642,4.019234107807279,9.873166453408078e-06,0,0.00011218366129384116,True,unspecified,0,144,9.872530426946469e-06,unspecified,0,161,9.846538887359202e-06,,16,16,86,False,6
49,8,2,256,symmetric,float32,cuda,1,2,1701,0.15,1,ok,complete,ai,e688abc31fe5cde13a686d6f10b81a1232a8e878,,133904896,174063616,1137582080,1.0393375014954715,True,7.439295208081603,0.2578427102416754,7.69721095263958,9.841055714062827e-06,0,0.00011218366129384116,True,unspecified,0,144,9.840562597673852e-06,unspecified,0,162,9.84924099611817e-06,,32,32,87,False,6
49,8,2,512,symmetric,float32,cuda,1,2,1701,0.15,1,ok,complete,ai,e688abc31fe5cde13a686d6f10b81a1232a8e878,,526858752,748683264,1164701696,1.010205986993431,True,7.648048995062709,0.27102225832641125,7.919176982715726,9.892888492936599e-06,0,0.00011218366129384116,True,unspecified,0,144,9.896273695630953e-06,unspecified,0,161,9.908578249451239e-06,,32,32,88,False,6
49,8,4,256,symmetric,float32,cuda,1,2,1701,0.15,1,ok,complete,ai,e688abc31fe5cde13a686d6f10b81a1232a8e878,,208827904,255852544,1148178432,0.5190158702422737,True,14.906121732667089,0.5075880531221628,15.413786858320236,9.879478575937502e-06,0,0.00011218366129384116,True,unspecified,0,144,9.882555787044112e-06,unspecified,0,162,9.867990229395218e-06,,64,64,89,False,6
49,8,4,512,symmetric,float32,cuda,1,2,1701,0.15,1,ok,complete,ai,e688abc31fe5cde13a686d6f10b81a1232a8e878,,818836992,1105199104,1190744064,0.49723632320596134,True,15.58881819434464,0.500004792585969,16.088929200544953,9.897417065602921e-06,0,0.00011218366129384116,True,unspecified,0,144,9.889241482596844e-06,unspecified,0,162,9.896930350805633e-06,,64,64,90,False,6
